rep,dim,corr_all,rmse_all,corr_all_coarse,corr_all_mid,corr_all_fine,corr_clean,rmse_clean,corr_clean_coarse,corr_clean_mid,corr_clean_fine
effv2s_256,2208,-0.1583590929310197,12.96->13.02,-0.18619236768134198,-0.15504221577729374,-0.15343058579679136,-0.16118567167220021,11.86->11.92,-0.16638655337397462,-0.2002383791479592,-0.1324369607655198
r18_256,4096,-0.18765448888172986,12.96->13.04,-0.2222002781140314,-0.17276502099347057,-0.1860755132605643,-0.2002117851399088,11.86->11.94,-0.23026836533290543,-0.20041024034624444,-0.15584799999594462
r18_256_q,5120,-0.1861708387307401,12.96->13.04,-0.22511974958294934,-0.17300277034655545,-0.17430882395611663,-0.19553097745420048,11.86->11.94,-0.22560378701282088,-0.2017410415499517,-0.1453542031829041
r18_256_nlm,4096,-0.19646209987525726,12.96->13.04,-0.23504258668913505,-0.1840462792706096,-0.167212597020473,-0.1985950562301088,11.86->11.94,-0.2165887091239494,-0.21197223546767185,-0.164042065522751
effv2s_256_g2a:global,1104,-0.13611625372367403,12.96->13.01,-0.165800178574822,-0.12766540203332635,-0.12884476220106791,-0.13636661810463518,11.86->11.91,-0.14002794925690507,-0.18374568584335857,-0.09393582553240355
effv2s_256_g2a:cellstd,1104,0.054833799477998255,12.96->12.97,0.045015040246393134,0.044117606026860476,0.0538828158327395,0.10707944083758147,11.86->11.79,0.15131957081418101,0.10612622128321764,-0.004386991950964768
effv2s_256_g2a:global+cellstd,2208,-0.09262559863256152,12.96->13.08,-0.18569236207186982,-0.017319386933843092,-0.02122682441860426,-0.019798596375664335,11.86->11.91,-0.027718545289694578,0.032289722698769854,-0.0980885706383739
r18_256_g2a:global,2048,-0.1583689883595557,12.96->13.02,-0.1943433842254227,-0.14318598708624158,-0.15091717233639776,-0.16602825719258515,11.86->11.92,-0.19000634455068174,-0.18703518834372532,-0.1078992923051473
r18_256_g2a:cellstd,2048,-0.1256880179368439,12.96->13.01,-0.15553459706270997,-0.11111456215892211,-0.12612211779270008,-0.11975790972968622,11.86->11.90,-0.12888080710518618,-0.15878511026007197,-0.07514545018451745
r18_256_g2a:global+cellstd,4096,-0.16875094526516307,12.96->13.03,-0.20397425733817018,-0.15216126197254556,-0.17110699714534566,-0.17126153073629616,11.86->11.92,-0.19539818636419518,-0.18179233610766102,-0.13450714497594582
cnxn_256_g2a:global,2400,-0.17962864516792404,12.96->13.03,-0.21559832400425313,-0.16455614356811882,-0.16107807555463635,-0.19096802228953566,11.86->11.93,-0.2085236844203649,-0.20766899306547762,-0.14939498404045393
cnxn_256_g2a:cellstd,2400,-0.09149958524842518,12.96->13.01,-0.10211204922418696,-0.1185138698207413,-0.06893133921074429,-0.07988532080621284,11.86->11.90,-0.08546312916582197,-0.11741460433200752,-0.038682352491061944
cnxn_256_g2a:global+cellstd,4800,-0.17210292835390084,12.96->13.03,-0.20219789190206003,-0.16411341569209095,-0.16156064227016945,-0.17553009858403232,11.86->11.92,-0.18451146234127916,-0.19851068231378313,-0.15107265961934016
features_all(487),487,-0.1128912090994189,12.96->13.00,-0.14362392496441462,-0.09866066219542383,-0.10661947425638311,-0.10671208675315187,11.86->11.89,-0.10136283359963548,-0.16190201512714358,-0.07071956852538329
