rep,dim,corr_all,gain_all,corr_all_coarse,gain_all_coarse,corr_all_mid,gain_all_mid,corr_all_fine,gain_all_fine,corr_clean,gain_clean,corr_clean_coarse,gain_clean_coarse,corr_clean_mid,gain_clean_mid,corr_clean_fine,gain_clean_fine
effv2s_256,2208,0.0663819531028684,0.00746851689946304,0.10296539249184648,0.012088223104580464,0.03672342352034345,0.004793104008976812,0.0446962621620762,0.0037758146431592365,0.06309666647425166,0.005281348851477574,0.1253007335353656,0.009061211290887883,-0.08245985820298109,0.004407677370615204,0.05601334280253909,-0.001626181877863786
r18_256,4096,0.04775108078044467,0.006610656176111007,0.029728605011529474,0.005103049846471919,0.05238767108742224,0.010830136476947416,0.033418541684302146,0.004435946861210738,0.03883758969863899,0.004267482154027391,0.0204821152466498,0.0015248979719864053,-0.03952386501295484,0.011495776304197847,0.06699473198628636,0.0020698086606394384
r18_256_nlm,4096,0.031914505468749764,0.004046410016735891,-0.00036393673547678075,-0.0023453520752383383,0.05316518672640303,0.007887707709672398,0.060631102449350285,0.010148328587890276,0.014016823580741728,0.0005193562167811194,-0.016745051688907022,-0.007868808248723269,-0.020582469956617742,0.012431152186607619,0.09639581823473725,0.004953868304628628
effv2s_256_g2a:global,1104,0.07631892620493642,0.005785707634609949,0.13096693767608633,0.010248262688190124,0.03324340635613733,0.002917163842091952,0.04591024171311904,0.002452794109613521,0.06274308973427095,0.004029650733276213,0.14377895047653313,0.00862231325187679,-0.09555915765007107,0.00014919130953572335,0.037982791095685656,-0.001121092430384607
effv2s_256_g2a:cellstd,1104,0.17168258594957936,0.18891132606318273,0.2085370846411153,0.30436475930920537,0.12334497170553181,0.11935874170615257,0.17012210132018354,0.10059436805909883,0.21676466052215732,0.24872361178482016,0.2604019845851754,0.36860655412985466,0.17718417611268245,0.2207793955375994,0.1991930350638658,0.043074419036640776
r18_256_g2a:global,2048,0.06391929594463236,0.00580740049239914,0.07073890547691157,0.006940119635501674,0.05417504222850028,0.00684837128585869,0.03797594400659205,0.003137869257974657,0.05223632994937458,0.00423626076901229,0.061375276615694425,0.005512603137932004,-0.059456386168485406,0.004620404925075761,0.059895243707516144,0.0013970824644609081
r18_256_g2a:cellstd,2048,0.05488544321521481,0.015600819632330953,0.039592224683671635,0.013090522795035753,0.10132029450561622,0.039603354491445586,-0.006244869300138174,-0.008448534303061805,0.054879275529662354,0.015492248220409621,0.020669213584866862,0.007184492838636203,-0.003052274149314676,0.0181477531362777,0.14478256829297997,0.03375305816307339
cnxn_256_g2a:global,2400,0.01740845039248612,0.001671831590291717,-0.03722904495620394,-0.006126329559339894,0.023308531680351827,0.003141645979047425,0.08009871053636543,0.012806816011881494,-0.04462102553371822,-0.005319929152165059,-0.10575613005803455,-0.014357807803913047,-0.062318928043574646,0.00466298501311968,0.055421571303427265,0.0022251112413336216
cnxn_256_g2a:cellstd,2400,-0.002069603569386923,-0.008341839457379763,-0.005884876491971247,-0.0038132469891749565,-0.031317080964967534,-0.024973353373637153,0.032217753915682906,0.00400349274091738,0.013147735441052829,-0.0029279949231924007,-0.009413522755270094,-0.006906622100620652,0.04420939116498198,0.006170994803342822,0.01410100406316095,-0.005685284039453009
feat_v1,102,0.08308248972040987,0.004227151911040394,0.16461494494943374,0.008149106439905296,0.03302868218226629,0.0017746528191011635,0.02747194097683696,0.0011448230400379344,0.036135866883345844,0.0017703572033731518,0.13011730619673303,0.00631392673441411,-0.08759233018219208,-0.00379201167736376,-0.016328138178750846,-0.0014529621401138115
feat_v2,178,0.0858940235733512,0.004315315130000386,0.17145002492758113,0.008395410945137627,0.03680744830658199,0.001961881292835699,0.0224951293433091,0.0008590350333914643,0.0333404571915006,0.0015813855950739253,0.13581105745401673,0.006680798794384657,-0.08083881749864556,-0.004242689717413484,-0.04783800523625037,-0.002628637121315336
grain_aggr(a8),44,0.08279371358179938,0.004159242370207039,0.16869267752740888,0.008251932969713494,0.03145056610758317,0.0016455293900925483,0.02158355717635366,0.0008665983354170237,0.030358301520131584,0.001442784880186565,0.1306528945202941,0.006359845413980381,-0.08294154509847529,-0.004344239640273528,-0.04228707847429621,-0.002410632227503484
