form,cv_rmse,rmse_coarse,blend_coarse,corr_resid_coarse,rmse_mid,blend_mid,corr_resid_mid,rmse_fine,blend_fine,corr_resid_fine,params
mix_area,12.49871629480959,16.019352847063697,15.3186118751902,0.14131728929458143,9.878370544989702,9.23094602034789,0.09142761294186143,9.475876755128324,8.177322029862367,-0.08036280558753649,"[176.07, 302.7]"
mix_num,15.03117911761923,19.100526794883244,15.3186118751902,-0.06819153164181728,13.413870539185808,9.23094602034789,-0.0072696819118021,9.78475644294511,8.177322029862367,0.1891507512999471,"[180.11, 246.5]"
mix_area+HP_common,12.297550164218174,15.632228706113807,15.3186118751902,0.14349720589736456,9.801831943701258,9.23094602034789,0.10945740759540783,9.510027738895735,8.177322029862367,-0.13690168096897715,"[190.66, 312.06, -52.69]"
mix_area x HP_phase,12.338280787512778,15.631279076284962,15.3186118751902,0.15862439899882538,9.853739162883903,9.23094602034789,0.10493285245180928,9.631584137846563,8.177322029862367,-0.13542425358051635,"[185.04, 349.82, -30.24, -193.8]"
mix_area x HP_phase(lin d),12.159026120549006,15.410546171384434,15.3186118751902,0.18103678723773767,9.72605804880996,9.23094602034789,0.11268471824212331,9.460900786327416,8.177322029862367,-0.10087083384993499,"[171.64, 273.48, 0.35, 1.56]"
mix_area x HP_phase x (1-c phi),12.331272242278402,15.642407704053873,15.3186118751902,0.15616614632086234,9.827523925069508,9.23094602034789,0.10943545416371532,9.606883963603373,8.177322029862367,-0.1315612954435273,"[185.78, 345.72, -34.19, -180.61, -0.27]"
mix_area x HP_phase x exp(-b phi),12.33141912469437,15.642634568488416,15.3186118751902,0.15611348987341964,9.82688319452537,9.23094602034789,0.10960104155822169,9.607758267953022,8.177322029862367,-0.13175149326014116,"[185.81, 345.62, -34.31, -180.15, -0.26]"
mix_area x (1-phi)^n,12.51516176172518,16.03328891675923,15.3186118751902,0.14151998926483414,9.935240775537181,9.23094602034789,0.08141695489254494,9.453954279085421,8.177322029862367,-0.07335120174420803,"[175.83, 302.45, -0.2]"
full: mix x HP_phase(lin d) x exp + aspect,12.095311314769026,15.300062738650587,15.3186118751902,0.192093143720008,9.670570173210862,9.23094602034789,0.11605849368747384,9.478982338621275,8.177322029862367,-0.09312248621625484,"[170.72, 248.82, 0.29, 1.14, -0.32, 2.26, 41.5]"
full num: mix_num x HP_phase(lin d) x exp + aspect,14.121348420725159,17.685569207918597,15.3186118751902,0.012535957076211244,12.272355611068074,9.23094602034789,0.004196902348403457,10.267476041950998,8.177322029862367,0.09760756000491437,"[172.22, 194.41, -0.37, 3.84, -0.11, 20.87, -3.4]"
