feat,clean,coarse,mid,fine
mi_a_dk_0,0.03859031003427674,-0.09048104029816904,0.19493433395872423,0.16722689075630254
mi_n_dk_0,0.012746098532976237,-0.15242042880845152,0.14409681520613257,0.14229691876750702
mi_a_dk_1,0.05179409457619209,0.030104009431229668,0.1932457786116323,0.1257703081232493
mi_n_dk_1,0.040009236494321844,-0.016215947089188557,0.1778695062700699,0.08683473389355742
mi_a_dk_2,-0.032438377430803814,0.053503034943685454,-0.019699812382739212,-0.07955182072829133
mi_n_dk_2,-0.07768477949102441,-0.009989399736638285,-0.06191369606003753,-0.15799425768838152
mi_a_dk_3,-0.0530002167627017,-0.018746587691265748,0.14183864915572234,-0.06626906629774151
mi_n_dk_3,-0.0454292428358477,-0.024904652378784736,0.09456797114514141,-0.02274649219349633
mi_a_dk_4,0.02388649089650881,0.005229875311386345,0.1977575888335603,0.1409280487630944
mi_n_dk_4,-0.004654115943871732,-0.04662530633256281,0.1473835164540663,0.12926853393737076
mi_a_dk_5,0.04231347053758873,0.037581485424568795,-0.13485176038934307,
mi_n_dk_5,0.036674755730831954,0.017570564614084117,-0.14329551702513987,
mi_a_dk_6,-0.060870335198120726,-0.1016017781056351,,
mi_n_dk_6,-0.06156599617181353,-0.1028302127023783,,
mi_a_dk_7,0.09045340337332909,0.12096465967720531,,
mi_n_dk_7,0.09045340337332909,0.12096465967720531,,
mi_s_dk_0,0.023840281855549032,0.009090909090909092,0.15684803001876174,0.05126050420168067
mi_s_dk_1,-0.018245876261143438,-0.008544087491455913,0.13677298311444655,-0.13641456582633055
mi_s_dk_2,0.0655794587092297,-0.018933697881066303,0.20825515947467169,0.1904761904761905
mi_s_dk_3,-0.025975551166390866,-0.03417634996582365,0.09437148217636025,-0.11708683473389356
mi_g_dk_0,-0.03221738060462437,0.020437457279562546,0.015950460029381046,-0.17158064332293205
mi_g_dk_1,-0.0025815753040538242,0.1134248969846947,-0.006378986866791747,-0.31120448179271715
mi_g_dk_2,0.010596084332409274,-0.041950300501878375,-0.0009382623546694733,0.23249299719887956
mi_e_dk_logasp,-0.015416644424278014,0.023444976076555026,-0.10356472795497187,0.07983193277310925
mi_e_dk_asp2,-0.006384455239417072,-0.001093643198906357,0.041088180112570365,0.041736694677871146
mi_e_dk_asp3,-0.022735650707190663,0.04315637260779412,-0.03302683488436547,-0.032936237939999384
mi_e_dk_sol,0.03198633427641061,-0.08680792891319207,0.21913696060037527,-0.011484593837535015
mi_Neff_dk,0.031564618587519355,0.032946001367054,0.07973733583489682,0.0761904761904762
mi_iqr_dk,0.010590935781775477,0.15536568694463435,-0.18255159474671676,0.09859943977591037
mi_a_mx_0,0.09603096226562415,0.10789744220307958,0.3333958724202627,0.280672268907563
mi_n_mx_0,0.135327749489916,0.02372771436633029,0.37354596622889313,0.33489740260010653
mi_a_mx_1,0.08321144504350611,0.1359535201640465,0.28611632270168863,0.12549019607843137
mi_n_mx_1,0.09333833344306953,0.12358801731982175,0.29212007504690435,0.07563025210084034
mi_a_mx_2,0.031148241071905194,0.18462064251537938,0.04577861163227018,-0.115406162464986
mi_n_mx_2,0.0023354726263608958,0.26062139112301347,-0.07392120075046905,-0.17478991596638654
mi_a_mx_3,-0.05950461751988469,0.10307587149692413,-0.1975609756097561,-0.12072829131652661
mi_n_mx_3,-0.07459306383536221,0.07525632262474369,-0.3275797373358349,-0.12549019607843137
mi_a_mx_4,-0.029592784327274146,-0.04730006835269994,-0.08930581613508444,0.12536561555457174
mi_n_mx_4,-0.04769356000901352,-0.13499888926935633,-0.13161968211862238,0.019583910297578482
mi_a_mx_5,-0.008150174301978886,-0.05570840240735463,-0.25948342145200487,
mi_n_mx_5,-0.0018411159665334437,-0.05410393567955693,-0.25948342145200487,
mi_a_mx_6,0.07407609410675958,0.06579035565307212,-0.0008215121624482091,
mi_n_mx_6,0.08157700574843385,0.07998116076852867,-0.0008215121624482091,
mi_a_mx_7,-0.010005923671614892,-0.04980278594296371,,
mi_n_mx_7,-0.012429142729978176,-0.05707102397369428,,
mi_s_mx_0,-0.023840281855549032,-0.009090909090909092,-0.15684803001876174,-0.05126050420168067
mi_s_mx_1,-0.04915389953557893,-0.11510594668489406,-0.20112570356472798,-0.11400560224089636
mi_s_mx_2,-0.001782949874552928,-0.10471633629528367,-0.12251407129455913,0.3526610644257704
mi_s_mx_3,-0.045278385736401,-0.1025974025974026,-0.1831144465290807,-0.10812324929971989
mi_g_mx_0,0.03492090631581431,-0.07174490469980353,-0.020637898686679177,0.3820728291316527
mi_g_mx_1,-0.10414776063631026,-0.2192071086807929,-0.14484052532833022,0.11204481792717086
mi_g_mx_2,-0.04845459883627822,0.009090909090909092,-0.13395872420262664,-0.20000000000000004
mi_g_mx_3,-0.033555757219879356,0.13130553656869445,-0.09249530956848032,-0.22268907563025211
mi_g_mx_4,0.037543372657876474,0.011893369788106631,0.0975609756097561,0.20504201680672268
mi_e_mx_logasp,-0.06924144557732344,-0.03971291866028708,-0.1455909943714822,-0.013165266106442579
mi_e_mx_asp2,-0.06848342497197459,-0.03246753246753247,-0.15140712945590995,0.028011204481792715
mi_e_mx_asp3,-0.057406715421982606,-0.014217361585782639,-0.1801125703564728,-0.031092436974789917
mi_e_mx_sol,0.06490684887631452,-0.029254955570745044,0.1626641651031895,-0.09103641456582634
mi_Neff_mx,0.0374526237121657,0.0787423103212577,0.05065666041275797,0.073109243697479
mi_iqr_mx,0.0012651470666737842,0.1290498974709501,0.00150093808630394,0.130812324929972
mi_N,0.060791847448236826,0.143484577128108,0.2616568169878962,0.12452724593383065
mi_Neff,0.04225164148828271,0.11360218728639782,0.15515947467166982,0.05350140056022409
mi_log_neff_over_n,-0.16002775850104095,-0.1969241285030759,-0.28030018761726083,-0.33193277310924374
mi_fd,0.023840281855549032,0.009090909090909092,0.15684803001876174,0.05126050420168067
mi_mx_med_sd,0.030379544120002135,-0.06637047163362952,0.027204502814258912,0.36162464985994397
