feat,rho_resid
lf32_sd_rel,0.2985214324470864
lf48_sd_rel,0.2719343461747054
v4r_la_max_m_mean,0.27192078133477043
v4r_la_sd4,0.26865165491046245
v4r_la_rng4,0.26801410743352266
v4r_la_sd,0.25217037438957307
lf32_sd,0.2507867607162146
sp_cellcv_count_128,0.2491318502441582
v4r_la_q90_m_q10,0.24789744981008335
lf48_sd,0.2455371676614128
lf32_max_minus_w,0.2375339120998287
lf32_rng,0.23048019533368683
mi_log_neff_over_n,-0.22765870862723006
v4c_la_rng4,0.2269533369506158
lf48_rng,0.22588171459575965
seg_area_cv,0.21970971242538548
lf48_max_minus_w,0.20883071079760507
seg_area_skew,0.1894329896907149
gf_area_cv,0.18924308193162642
rp_big1_asp,-0.1879137276180074
v4c_la_max_m_mean,0.18327455236027557
v4c_la_sd4,0.18198589256646117
sp_cellcv_count_64,0.17498024613585525
gf_tex_dk,-0.17405046120455148
v4c_la_q90_m_q10,0.1716630493760112
mi_g_mx_1,-0.1670103092783445
sd_cv_int,0.1648128052088926
sd_w_over_n,0.1648128052088926
v4r_bd_rng4,0.16455507325012983
sd_hp_excess,-0.16265599565924535
v4c_la_sd,0.1605670103092726
sd_big_frac,0.157257034337
v4i_la_max_m_mean,0.15572436245251745
v4r_bd_sd4,0.15390667390124244
ecs_blk0_std,0.1521839392295116
sp_s2n_par_64,-0.14951166576233865
sd_size_ratio_dk_mx,0.1483043950081336
lf_mi_la_48,0.1479652740097614
ecs_blk2_mean,0.14450623982636485
gf_dk_sd,-0.14388952756975726
ecs_blk1_mean,0.14319045035268071
ecs_blk0_mean,0.14210526315788966
pore60_frac_elong,-0.13814933532839477
ic_angle_abs,-0.13723548562126475
gf_pore_touch_mx,-0.13717431601611166
v4r_bd_sd,0.1357026587086224
ic_dk_chord_aspect,0.13438686923493817
v4c_bd_rng4,0.1341562669560451
v4c_bd_mean_m_min,0.13342376559956115
ecs_blk4_std,-0.13311177428105872
v4r_bd_q90_m_q10,0.1330168204015145
ic_noise,0.1317281606077001
rp_sigma,0.1317281606077001
q_noise,0.1317281606077001
q_noise_spec,0.13061584373303925
v4r_bd_mean_m_min,0.12980195333694597
rp_big2_asp,0.12864894194248044
q_ridge_p99,-0.12816060770482443
v4r_la_mean_m_min,0.1281334780249547
gf_dk_area_ratio,0.12611231687465632
ll2_noise_sd,0.1257282656370497
rp_big0_asp,-0.12410472056429289
lf_dk48_sd,0.12297883884969722
gf_rb_0.91,-0.11801001245339333
pore60_n_elong,-0.11528172358746402
cal_seg_area_cv,0.1149484536082433
dk_area_cv,-0.11417525773195465
v4c_bd_sd4,0.11382257189364758
sd_skew_log,0.11193705914269812
sd_logsd_mx,0.11142159522517237
mi_n_mx_6,0.10860746086234689
gf_lvl_mx,0.10668746608789635
v4r_bd_max_m_mean,0.10641616928919856
ic_pore68_frac_round,-0.10505393338782072
rp_ratio_mx_sd,-0.10390667390124424
rp_q10_dk,0.10370320130222092
rp_border_dk_share,-0.10277318178503313
sp_lp_perp_8,0.10260444926749497
lf_dk32_sd,0.10112588171459214
sp_s2n_perp_4,0.1002441671188244
pore50_asp_mean,-0.10019515384564763
q_illum_range,0.1000135648399313
gf_tex_mx,-0.0999728703201266
ic_bg_level,0.09898263700487979
ic_pore60_n_round,-0.09846543238795143
gf_rb_0.75,0.09714929529339074
mi_a_mx_6,0.0970371349011468
ic_dk_chord_par_med,0.09670009661967327
sp_contiguity_dd,0.09665604037699115
pore50_frac_elong,-0.09600076643247918
ecs_blk2_std,-0.09576776994031128
sp_s2n_iso_64,-0.09551003798154838
pore70_frac_round,-0.09488734248488616
ic_pore52_n,-0.0947444640575877
cal_ic_pore60_n,-0.09472327726532487
ic_pore60_n,-0.09395455474736471
ic_dk_chord_par,0.09378730330981755
lv_M,0.09342632088103152
mi_n_mx_0,0.09258851059496694
pore70_asp_mean,0.09243081931632872
v4i_la_rng4,0.09160336408030058
ll4_edge_rng,0.0913185024416679
ic_dk_chord_perp_med,0.0912462398813574
pore70_n_round,-0.09121578996591921
ic_seg_fd89,0.09035539880629084
gf_mx_skew,-0.09013836136733266
pore60_n,-0.08974227239503324
cal_ic_seg_fd89,0.08947368421052314
ic_gmm_mu_lo,0.0893516006511091
cal_ic_dk_min_wmean,0.08901247965273691
ic_dk_asp_mean,-0.0884291915355367
ic_dk_asp_med,-0.08800868149755516
sp_lp_par_8,0.08781877373846675
rp_thr,0.08540858849105798
sp_cellstd_rn_128,-0.08452251763428886
ph_px8,0.08445469343461447
lv_p1,0.08435973955507019
ic_dk_min_wmean,0.08422409115572134
sp_dd_line_frac,0.08402631776773097
lf_la_sd,0.08387140531741426
ic_pore68_n_round,-0.08363816394073958
sp_s2n_perp_64,-0.08351871947910715
mi_g_dk_1,0.08332797397081737
mi_s_dk_2,0.08311177428106051
ic_gmm_sd_lo,-0.08255561584373007
ll2_noise_rng,0.08244576559748025
mi_e_mx_sol,0.08214867064568342
ph_px2_8,0.0821486706456834
ecs_blk1_std,-0.08213510580574855
rp_fd_area_int,0.08201302224633454
ic_pore68_frac,-0.08183378221699668
cal_ic_pore68_n,-0.08180954964731121
sp_dk_vs_grain_axis,-0.08164677156809257
rp_border_area_share,-0.0810227889310877
sp_s2n_iso_4,0.08084644601193415
ac25_major,-0.08077862181225971
gf_tex_sd,-0.08076505697232482
ic_bg_range,0.08072436245252014
ph_px2_12,0.07978838849701286
v4r_acd_q75,0.07925935973955224
pore70_frac,-0.07840557249699258
sp_s2n_perp_96,0.07798426478567272
rp_pore_frac,-0.07768767130316362
gf_dd_contact,0.077092263393322
ph_px12,0.07693977211068638
v4i_la_q90_m_q10,0.07689907759088165
ic_dk_asp_wmean,-0.07687194791101189
v4c_bd_sd,0.07683125339120724
gf_rb_0.88,-0.07627453997530624
acp_32,0.07603092783504882
ic_seg_fd87,0.07577319587628593
ic_dk_min_mean,0.07518990775908577
mi_e_mx_asp2,-0.07475583288116933
ac2_major,-0.07467444384155998
segdk_area_cv,0.07464731416169025
ic_pore68_n,-0.0744311473188815
ic_pore_deficit,-0.07433106118833126
ph_px16,0.07432175800325291
sp_s2n_perp_32,0.07419967444383892
lf32_min,-0.07373846988605269
dk_min_mean,0.07372490504611781
mi_a_dk_5,0.0734664977406513
mi_n_mx_1,0.07309488363322571
mi_a_dk_4,0.0728138323260535
v4c_acd_q75,0.07280249593054541
seg_fd15,0.07277536625067567
ic_pore52_frac,-0.07265630069223113
ic_acg_ac16_perp,-0.0723548562126941
ll4_edge_sd,0.07228703201301964
dk_asp_med,-0.07193434617471255
pore50_depth,0.07094037256631079
ic_fdo_87,0.0709305480195308
ph_px2_16,0.07074064026044241
ph_px2_20,0.0707135105805726
st3_lcoh,-0.07065925122083304
rp_contrast,0.07030656538252597
ic_fdo_89,0.07022517634291665
cal_ic_pore60_frac,-0.06996744438415377
ic_gmm_w,0.06989962018447927
ph_px20,0.06953336950623733
ic_pore52_n_round,-0.06942595136031943
gf_rb_0.80,0.06934836436255254
sp_maxext_par,-0.06831253391209739
sp_lp_perp_4,0.06805480195333452
cal_segdk_area_cv,0.06793271839392052
dk_asp_mean,-0.06789202387411584
v4i_la_sd,0.06783776451437627
sp_cellcv_count_32,0.06768878082235105
mi_mx_med_sd,-0.06768855127509252
ll2_edge_sd,0.06755290287574366
seg_fd20,0.06753933803580879
sp_dk_asp_wmean,-0.0672544763971761
ic_dk_chord_perp,0.06717308735756677
dk_area_med,0.06674670031406467
dk_asp_wmean,-0.06650841020075725
sp_s2n_perp_8,0.06639989148127816
mi_e_mx_logasp,-0.06631850244166881
ic_gmm_sd_hi,-0.06616928920238506
rp_logasp_mx,-0.06602007596310124
ic_fd2_89,0.06543678784590107
cal_ic_gmm_w,0.0654096581660313
q_spec_slope_vhi,0.06512479652739864
v4c_bd_q90_m_q10,0.06504340748778932
ic_dk_elong_align,-0.06502984264785443
rp_fd88_area,0.06483993488876598
ic_dk_count_density,-0.0647858952319737
gf_mx_sd,-0.06470428648941716
sp_s2n_iso_32,0.06439229517091465
ic_fd2_87,0.06424308193163089
mi_s_dk_1,0.06422951709169601
seg_asp_wmean,-0.0639039609332587
q_ridge_snr,-0.0638903960933238
ic_ridge_snr,-0.0638903960933238
mi_n_dk_5,0.0637492720220477
q_spec_2_4,0.06330710797612361
pore70_n,-0.062482640512189706
ic_fd1_89,0.062438958220290774
sp_dk_align_R,-0.062289744981006985
sp_s2n_iso_8,0.062208355941397675
ic_pore60_eqr_mean,0.062149683570716874
ic_seg_fd91,0.062086272381983665
pore60_frac,-0.06201968595133343
ic_pore60_frac,-0.061804822009897814
cal_ic_seg_fd91,0.06180141074335105
rp_pore_n,-0.06100812807223289
gf_rb_0.85,0.060756684564091314
gf_logasp_wmean,-0.06051275094953664
dk_eqd_mean,0.060404232230057565
sp_ncomp_density,-0.059909271128353675
ic_seg_mx_spread,-0.05968529571350844
rp_ratio_dk_sd,-0.059549647314159536
ic_dk_gap_par,0.059508952794354884
mi_e_mx_asp3,-0.05945469343461535
mi_s_dk_0,0.05940043407487581
mi_fd,0.05940043407487581
mi_s_mx_0,-0.05940043407487581
ic_dk_n,-0.05886845396660439
seg_maj_mean,-0.05876288659793603
ic_gmm_mu_hi,0.058640803038522066
ph_px2_26,0.05864080303852206
lf48_min,-0.05860010851871738
mi_a_mx_1,0.05855941399891268
pore50_n_big,-0.05854453248873551
mi_a_mx_0,0.057885098145771384
st2_lcoh,-0.05782691264242875
seg_asp_mean,-0.05758274552360076
ic_dk_area_mean,0.0575284861638612
gf_rb_0.00,-0.057212255745855235
pore70_n_big,-0.05699267526709686
v4r_la_q100,0.056117742810632844
ic_pore68_depth,-0.055977210328250586
pore60_n_round,-0.055936593071876435
mi_n_mx_3,-0.055900705371674596
sp_lp_par_4,0.05586001085186996
ph_rel87,0.05546663049375822
mi_g_mx_0,-0.05535506028817628
gf_rb_0.97,-0.055222463374930204
ic_pore52_depth,0.054870439311563636
sp_maxcomp_share,-0.054829083016818415
ic_fdo_85,0.054679869777534675
lf_la_n,-0.05467986977753466
sd_hp_num,0.05459848073792533
seg_elong_align,-0.054422137818771775
sp_euler_density,-0.05436125707428916
gf_dk_asp_ratio,0.054042322300594914
v4c_acd_q50,0.053960933260985604
mi_n_dk_6,-0.053613471353612795
cal_seg_asp_wmean,-0.05351329354313428
seg_asp_med,-0.05310634834508762
ph_px26,0.05303852414541319
v4r_acd_q50,0.05275366250678052
ic_dk_eqd_mean,0.05263157894736655
pore60_n_big,-0.05261117792130394
rp_pore_area_mean,0.05256121220214043
ic_seg_fd93,0.05253662506782236
mi_a_dk_6,-0.0521807085782359
dk_ori_Rel,-0.052088985349971
gf_dk_maxcluster_share,0.05204829083016634
pore50_n,-0.05193041850222795
seg_area_med,-0.05191387480139855
ic_dk_eqd_wmean,0.051831253391208136
ic_fd_soft,0.0517091698317941
cal_ic_seg_fd93,0.05154639175257547
ph_rel92,0.05141074335322659
gf_rb_1.03,0.05128865979381264
v4r_bd_q0,-0.05097753286023041
dk_elong_align,-0.05043407487791463
seg_area_p90_p10,0.05004069451980287
rp_fd90_area,0.04990504612045401
pore70_depth,-0.04989148128051907
ac25_aspect,-0.049728703201300455
v4i_la_mean_m_min,0.049701573521430675
rp_fd92_area,0.049036896364621135
ph_deficit,0.04849430276722561
ph_deficit2,0.048290830168202285
sp_lp_perp_16,0.0477482365708068
ic_p98,-0.047680412371132325
ic_pore60_area_mean,0.047577369386213576
seg_matrix_spread,0.04727346717308564
ph_rel90,0.047137818773736774
ic_pore60_frac_round,-0.04713143648755929
ic_p5,-0.04711068909386701
ic_dk_solidity,0.04681226261529947
seg_solidity,0.046812262615299464
seg_L_aniso,-0.04671730873575525
ic_fd1_92,0.046622354856211023
gf_dk_cluster_wmean,0.04635105805751325
q_res_noise,0.04632392837764348
ecs_blk3_std,-0.04622897449809929
v4r_acd_rng4,0.04597124253933641
v4r_acd_mean,0.04579489962018287
sp_p,0.045306565382526885
v4r_la_q0,-0.04504883342376398
pore60_asp_mean,0.04502340436144023
dk_frac,0.04481823114487086
ll2_edge_rng,0.044560499186108
v4r_acd_max_m_mean,0.04447911014649867
rp_fd_area,0.044343461747149815
lv_p25,-0.04399077590884271
mi_n_dk_0,-0.043719383736060845
sp_band_32,-0.04366521975040536
gf_logasp_mean,-0.04362452523060072
pore50_frac,-0.04348006288905515
seg_ori_Rel,-0.04339392295170761
mi_n_dk_2,-0.04335909327839551
ic_fdo_91,0.04294628323385627
lv_p50,-0.04276994031470279
pore50_eqr_mean,-0.04275947574374556
v4c_acd_mean,0.042729245794898084
sp_s2n_par_4,0.042580032555614315
ic_acg_ac16_par,-0.042498643516005
ic_deficit,0.042376559956591
gf_lvl_dk,0.04232230059685144
ecs_blk4_mean,-0.042173087357567675
pore60_depth,-0.04217038235905568
v4c_acd_mean_m_min,0.04206456863808858
ic_pore52_area_mean,-0.04183666659658497
gf_rb_0.94,-0.04177306624096796
ic_fd2_85,0.04175257731958607
v4c_bd_q10,-0.04161692892023725
ic_pore52_eqr_mean,-0.041552846890794345
seg_fd12,0.04148128052088842
ac2_gm,-0.04134577233397314
seg_eqd_mean,-0.04122354856212548
rp_logasp_dk,-0.04116928920238593
ic_fd2_95,0.04115572436245104
v4c_acd_rng4,0.04087086272381841
ic_p90,-0.0405181768855113
v4c_la_q10,-0.04035539880629265
ic_p20,-0.04035539880629261
sp_s2n_perp_16,-0.04017905588713908
sp_disp_128,-0.03986706456863665
rp_d_dk,0.039650027129678474
ac50_aspect,-0.03956904065289402
pore60_eqr_mean,0.039398875271024945
q_k_cut,-0.03936858767790505
lf32_max,0.03927021161150159
v4c_la_mean_m_min,0.0389039609332596
v4c_la_q25,-0.03861909929462696
ac50_major,-0.03852453735146349
mi_s_dk_3,0.038510580575147856
sp_lp_par_16,0.03849701573521297
v4i_la_sd4,0.038483450895278055
q_spec_48_64,0.038388497015733845
st3_coh,-0.037696690179054526
v4c_bd_q0,-0.03768312533911967
v4c_acd_sd4,0.03765599565924988
v4i_acd_rng4,0.03753391209983587
lv_p99,-0.037533912099835844
v4i_acd_max_m_mean,0.037520347259901
gf_rb_1.06,-0.03749448911845018
v4r_la_q90,0.03747965274009633
pore70_area_max,-0.03744111678422836
rp_shade_range,-0.037303309820942765
gf_dk_maxcluster_frac,0.037235485621268355
dk_area_mean,0.03692349430276592
cal_seg_elong_align,-0.03682854042322169
v4i_acd_mean,0.03667932718393791
v4c_bd_q25,-0.0365572436245239
v4i_acd_q100,0.03647585458491459
v4r_la_q10,-0.036475854584914584
ic_pore60_n_elong,-0.036466265141994754
sp_cellstd_dark_32,0.036462289744979705
ic_fd2_91,0.03639446554530527
ic_acb_lobe_area,0.03627224254094403
cal_ic_dk_maj_wmean,0.03621812262615171
segdk_ori_R,0.03613673358654238
mi_g_mx_3,0.0356619641888213
ic_spec_16_32,-0.03549918610960264
q_spec_16_32,-0.03549918610960264
pore50_area_mean,-0.034608759686876996
lv_p5,0.0335594139989136
mi_e_dk_sol,0.033532284319043835
ac2_aspect,-0.03350515463917405
ic_pore60_depth,-0.03349226369264666
v4c_la_q0,-0.03349158979923917
ic_p10,-0.03266413456321098
mi_iqr_mx,-0.03218936516548992
v4r_acd_sd4,0.03217580032555501
v4r_acd_mean_m_min,0.032107976125880566
rp_n,0.03172277674032852
v4r_bd_q10,-0.031701030927833905
sp_s2n_iso_96,0.031511123168745485
seg_n_regions,0.03149195068474832
seg_ori_R,-0.03147042864894083
ic_spec_4_8,0.0313347802495919
q_spec_4_8,0.0313347802495919
gf_strain_tensor,-0.03132121540965704
gf_dd_excess,0.031266956049917485
sp_cellstd_dark_128,-0.031239826370047713
ic_acg_len30_par,-0.031186032751606824
ic_pore52_frac_round,-0.031185594261593674
ic_spec_8_16,-0.031022788931089503
q_spec_8_16,-0.031022788931089503
ac25_gm,-0.030887140531740593
gf_nb_mean,-0.030873575691805728
ic_dk_maj_wmean,0.030860010851870828
gf_align_wmean,-0.030453065653824208
ic_p2,0.030453065653824208
gf_align_R,-0.030453065653824208
ic_fdo_95,0.030358111774279998
sp_comp_wmean_img,0.03026315789473576
ic_fd2_93,0.030141074335321746
st2_coh,-0.03005968529571242
gf_mx_mean,0.029910472056428678
ic_acg_len50_aspect,-0.029844372218665486
v4c_la_q50,-0.029842647856754223
v4r_la_q25,-0.029815518176884437
v4i_acd_q90,0.02980195333694956
v4c_acd_q0,-0.02957135105805644
ic_p30,-0.029476397178512234
gf_rb_1.00,0.029449267498642465
lf_n,0.029395705956266168
mi_N,0.029395705956266168
mi_n_mx_4,-0.029293470520684355
seg_area_mean,-0.028974498100921356
seg_inv_sqrt_d,0.028974498100921356
ic_gmm_sep,0.028893109061312053
cal_ic_acg_len30_perp,0.02885241454150737
ic_p50,-0.02874389582202828
gf_amax_dk_frac,0.02863537710254915
mi_n_dk_4,0.028604313824273985
ic_acb_ac8_par,0.028431904503525868
mi_a_mx_3,-0.028404774823656068
sd_hp_of_mean,0.02837764514378627
gf_dm_contact,0.02824887496243408
sp_lp_par_32,0.028039475039014643
pore60_frac_round,-0.027814682768967054
ic_spec_slope,0.027726532826911662
q_spec_slope_hi,0.027726532826911662
mi_a_dk_2,-0.027605531724893207
v4i_bd_rng4,0.027387411828539456
pore50_area_max,-0.027320233486025264
gf_n,0.027280835994155612
cal_ic_acg_len30_par,-0.027251763429190556
v4c_bd_hp,-0.02718393922951613
cal_ic_fdo_93,0.02718393922951612
mi_n_mx_5,0.02705377225273239
ac50_minor,0.026885786278380536
ic_dk_maj_mean,0.026858383071078767
seg_count_density,0.026832709356339707
seg_n,0.026832709356339707
ic_pore68_n_elong,-0.026787862453353267
ic_std,0.026749864351599664
rp_d_all,-0.026654910472055465
v4c_bd_mean,-0.02660065111231594
pore60_area_mean,0.0265944217414535
ic_seg_mx_area_mean,-0.026410743353227486
sp_cellstd_dark_64,0.026247965274008828
mi_e_dk_asp2,0.025963103635376183
pore70_eqr_mean,-0.025935973955506373
pore60_area_max,-0.02587656916910393
mi_n_mx_2,0.025753372632282914
v4c_acd_max_m_mean,0.025583288117199315
ic_acb_len50_perp,0.025521192070208518
ic_fdo_93,0.025501899077589988
rp_d_mx,-0.025284861638631747
ic_dk_gap_perp,0.025271296798696885
st1_lcoh,-0.025244167118827085
v4i_bd_q90_m_q10,0.024959305480194455
sp_lp_perp_32,0.024956392406686557
ic_acg_len30_aspect,-0.02493522016660228
mi_g_dk_2,-0.02465063203655865
sp_s2n_par_8,0.024565925122082704
dk_maj_mean,0.02452523060227797
ic_acg_len30_perp,0.024523894434481015
pore70_n_elong,0.024150147193768942
rp_n_int,0.023977155605323774
st1_coh,-0.023941942485077816
v4c_acd_q25,0.023928377645142954
sd_small_frac,0.023901247965273157
v4i_bd_hp,0.023874118285403367
v4r_acd_q100,0.023724905046119616
ic_acg_len50_par,-0.023679893479041047
ic_acg_ac8_par,-0.023345089527942727
v4r_bd_q25,-0.022667155009613277
v4c_bd_max_m_mean,0.022571893651654112
lv_p95,-0.022544763971784305
v4c_la_mean,-0.022368421052630774
lf48_max,0.02227346717308658
dk_ori_R,-0.022151383613672585
cal_seg_ori_R,-0.02215138361367257
ic_seg_L_aspect,0.02202930005425859
v4c_la_hp,0.02174443841562591
seg_area_p10,-0.02141311649059745
lv_mean_rel,-0.02128323385783974
gf_dk_ncluster,-0.02113673320210209
sd_hp_area_mx,0.020849158979923274
pore70_area_mean,-0.0208355941399884
v4r_bd_q100,0.020659531465973057
ic_acb_ac8_perp,0.020577862181225526
ic_acg_len50_perp,0.02050513552821155
v4c_la_q100,0.020496473141616196
segdk_asp_med,0.020442213781876644
acp_2,0.020387954422137106
cal_ic_acg_len50_perp,0.02026587086272309
v4r_acd_sd,0.020008138903960214
ic_acb_len50_par,0.01990421999430105
ic_seg_L_perp,0.019845360824741542
v4i_acd_sd4,0.019574064026043805
v4c_acd_q100,0.01956049918610891
lv_p0.1,0.019519804666304253
ic_dk_area_med,0.019452310303770738
acp_4,0.019004340748778492
v4i_acd_sd,0.01890938686923429
seg_nd20,0.018838933347999173
sd_logsd_dk,-0.018827997829624927
ic_acb_len50_aspect,0.018783678205725955
v4c_bd_q50,-0.018638090070536503
gf_lvl_contrast,-0.01851600651112249
rp_big0_share,-0.01847531199131782
v4i_bd_q90,0.018461747151382928
mi_iqr_dk,-0.01824470971242474
gf_amax_frac,-0.01820401519262006
cal_ic_seg_L_perp,0.01806836679327121
v4c_bd_q100,-0.01802767227346651
mi_a_mx_5,0.017882756689430363
v4r_acd_q25,0.017566467715680323
pore50_n_round,-0.017441022489660094
sp_band_8,-0.017362995116657017
v4i_la_q100,0.017295170916982565
q_spec_64_96,0.017240911557243003
v4i_bd_sd,0.01717308735756859
st2_energy,0.0171459576776988
v4c_la_q75,-0.017118827997828993
segdk_area_mean,-0.016888225718935893
sp_cellstd_rn_64,-0.01660336408030327
ic_seg_dk_level,-0.016467715680954367
v4c_acd_q90_m_q10,-0.016399891481279943
ic_dk_nchord_par,-0.016372761801410143
segdk_asp_wmean,-0.01631850244167057
seg_D_rel,-0.016237113402061267
sp_band_16,0.016223548562126388
gf_pore_touch_dk,0.016193109196237107
mi_n_mx_7,-0.01592669335128798
v4r_bd_mean,-0.01589799240368907
sp_s2n_par_32,0.01588442756375416
v4c_acd_q10,0.015789473684209937
v4i_bd_q10,0.015762344004340168
segdk_ori_Rel,0.01568095496473085
v4r_bd_q50,-0.015443622638526402
sp_s2n_par_16,0.015287574606619106
hp_std,0.015084102007595754
mi_g_mx_4,-0.015043407487791113
seg_L_min,0.015016328731531586
rp_big1_share,0.014962018448181782
ic_acb_len50_gm,0.01492350026215987
v4i_la_hp,0.0148263700488329
ic_acg_lobe_area,0.014721696007297329
seg_nd12,-0.014557689999050038
v4r_la_mean,-0.014473684210525799
acp_12,-0.014460119370590893
ic_acb_len30_aspect,-0.014299281097539694
mi_s_mx_1,-0.014270211611502442
cal_ic_st_coh,-0.014256646771567565
v4r_bd_hp,-0.01418882257189314
ic_pore68_eqr_mean,0.014101177142707665
mi_e_dk_asp3,0.014031755810655064
sd_logsd_int,0.014012479652739598
v4r_la_hp,0.013998914812804701
mi_a_mx_2,0.013971785132934933
mi_a_dk_0,-0.013710721258541156
v4c_bd_q75,-0.013646228974497611
sd_hp_area,0.013198589256646293
v4i_la_q90,-0.013198589256646283
acp_6,0.013103635377102062
lf_la_w,-0.012669560499185661
v4r_bd_q90,0.012561041779706532
mi_a_mx_7,-0.012549466809328122
ic_st_coh,-0.012506782419966998
segdk_eqd_wmean,-0.012316874660878552
v4r_acd_q90_m_q10,-0.012221920781334326
v4i_bd_sd4,0.012154096581659923
cal_ic_seg_nfrac91,0.01214053174172504
v4i_acd_q10,0.012099837221920337
ic_seg_nd91,0.011830988079673027
v4i_la_q10,-0.011611502984264362
st3_energy,0.011530113944655043
v4r_acd_q0,-0.011285946825827065
dk_solidity,-0.011096039066738608
ic_seg_dk_area_mean,0.0110010851871944
v4i_acd_mean_m_min,0.011001085187194394
v4i_la_mean,-0.010987520347259494
v4i_bd_q100,0.010838307107975733
v4r_la_q50,-0.010811177428105953
lv_p75,0.010648399348887288
mi_Neff_mx,-0.010444926749864003
v4c_bd_q90,-0.010241454150840643
mi_a_dk_3,-0.01010190138568839
v4i_bd_max_m_mean,-0.010065111231687103
ic_seg_nfrac91,0.010051614566254743
cal_seg_inv_sqrt_d,0.010010851871947562
mi_g_dk_0,0.009984060778284851
seg_min_mean,-0.009929462832338237
segdk_area_med,0.00963178764160269
cal_ic_acg_len50_par,-0.009454693434617148
rp_big2_share,0.009102007596310068
segdk_maj_mean,0.008817145957677386
ecs_blk3_mean,-0.008586543678784269
v4r_acd_q10,0.00804395008138876
ic_pore68_area_mean,0.007779752302384633
ic_seg_L_gm,0.007759088442756082
cal_ic_seg_mx_area_mean,-0.007691264243081658
q_spec_32_48,0.007406402604449028
ic_spec_32_48,0.007406402604449028
cal_ic_seg_dk_area_mean,0.007379272924579225
cal_ic_seg_L_gm,0.007135105805751229
sp_maxcomp_img,0.007053716766141906
seg_L_max,-0.006877373846988377
v4r_la_q75,0.006863809007053481
ic_dk_nchord_perp,-0.006483993488876599
cal_ic_seg_L_par,0.0063754747693975196
mi_s_mx_3,-0.006158437330439272
pore50_frac_round,-0.006121827971479958
segdk_solidity,0.006009224091155507
seg_L_mean,-0.005982094411285727
seg_L_inv_sqrt,0.005982094411285727
ic_acb_len30_perp,0.005972041707877067
ac50_gm,0.005941460338007405
ic_dk_ori_Rel,-0.005914270211611276
rp_nd,0.005847338409891712
sp_s2n_iso_16,-0.005819316332067055
v4c_la_q90,0.005765056972327529
ic_dk_ori_R,0.00576505697232751
acp_16,-0.00571079761258796
cal_seg_count_density,0.005670103092783312
seg_line_frac,-0.0056294276635823265
ic_dk_area_cv,-0.005385241454150642
segdk_eqd_mean,-0.005263157894736655
sp_disp_64,0.0051953336950622125
segdk_min_mean,-0.005141074335322658
ac25_minor,-0.005073250135648207
ph_excess,0.0049647314161691035
acp_8,-0.004896907216494661
seg_Mg,-0.004714197553378906
mi_Neff,0.004679869777536459
gf_dk_mean,-0.004666304937601551
ic_acg_len50_gm,0.004409904166839396
mi_a_mx_4,-0.0043678784590340065
ic_acb_ac16_perp,-0.004313619099294459
ic_acg_len30_gm,-0.00415855431126792
mi_n_dk_3,-0.0040231758420958
rp_fd_num,0.0039473818074757736
seg_eqd_wmean,-0.003920238741182702
pore70_frac_elong,-0.0038756675384234184
q_ridge_contrast,0.003825284861638521
mi_e_dk_logasp,-0.0037574606619640676
cal_ic_dk_area_cv,0.003662506782419833
mi_Neff_dk,-0.0035132935431360624
rp_fd90_num,0.0034726225761959745
seg_area_wmean,-0.003187737384698746
v4r_bd_q75,-0.0031741940735541233
dk_eqd_wmean,0.0031606077048289827
sp_s2n_par_96,-0.0031470428648940844
sp_cellstd_rn_32,0.003079218665219647
v4i_bd_mean,0.0030656538252847357
acp_24,0.002441671188279907
v4c_acd_sd,0.0024145415084101227
segdk_elong_align,-0.002333152468800783
st1_energy,-0.0023060227889310134
v4i_acd_q90_m_q10,-0.0021839392295169954
mi_a_dk_1,-0.002164208557444303
ic_seg_L_par,-0.0018041237113401224
ic_acb_ac16_par,0.0017905588714052605
sp_disp_32,-0.001682040151926141
ic_acb_len30_gm,0.001614319971064979
v4r_acd_q90,-0.0014650027129679427
seg_area_p90,-0.0014378730330981626
v4c_acd_q90,-0.0010851871947910492
ic_acg_ac8_perp,-0.0009359739555072887
sd_hp_area_dk,-0.000922409115572391
rp_fd_num_int,0.0007935512095283773
mi_n_dk_1,-0.0007666552841433134
dk_n,-0.0006516229785424148
mi_s_mx_2,-0.0006511123168746242
ic_acb_len30_par,0.0004005800398646879
v4i_bd_mean_m_min,-0.00031199131850243494
ac2_minor,0.00031199131850243034
segdk_asp_mean,-0.0002306022788930856
mi_g_mx_2,-0.00020347259902332251
segdk_n,0.0001492532304159707
seg_nd15,0.0001492532304159707
