est,form,cv,coef,lo,hi,dir
gs_cnt_jeff,d^-1/2,12.53771216500903,-26.162446586740487,-67.63972141167272,18.40012926662455,coarser=harder
gs_cnt_jeff,log d,12.54077406457241,3.7001072796766206,-1.536426083731885,8.266429985252268,coarser=harder
gs_cnt_raw,d^-1/2,12.540596825038225,-26.092998606292017,-69.0432401425276,20.34534277998125,coarser=harder
gs_cnt_raw,log d,12.54519342593606,3.8099763769082333,-1.810794918598478,8.835604113730682,coarser=harder
gs_cnt_ex10,d^-1/2,12.555814999651723,-23.149118451020033,-65.95267087938274,23.55091556546858,coarser=harder
gs_cnt_ex10,log d,12.566299937158368,3.4392610167510007,-2.0660375432050886,8.486614341891206,coarser=harder
gs_cnt_ex20,d^-1/2,12.54903985066247,-22.52632142047924,-64.88556394439826,22.83397931965706,coarser=harder
gs_cnt_ex20,log d,12.557136917080124,3.4162025642781746,-2.085344192347601,8.340604036751225,coarser=harder
gs_med,d^-1/2,12.486450552670826,-20.11516037325839,-63.70475343744841,26.82757947261199,coarser=harder
gs_med,log d,12.469563871407134,3.441311907967192,-2.3802769987321604,8.493382168552138,coarser=harder
gs_mode,d^-1/2,12.491225159418176,-14.37913434505894,-56.62389799654056,33.1162750776725,coarser=harder
gs_mode,log d,12.487872230172263,2.60407568289091,-3.1339901976292217,7.573229770599766,coarser=harder
gs_trim10,d^-1/2,12.480975824760497,-25.007366318426058,-69.98848794880308,23.309402305748574,coarser=harder
gs_trim10,log d,12.458103608736167,4.177414935528015,-1.7754584839077456,9.59741041331896,coarser=harder
gs_trim20,d^-1/2,12.482726701572647,-23.032573972387635,-67.81415756453735,25.44802152200438,coarser=harder
gs_trim20,log d,12.463365273775123,3.876706466616479,-1.9885073583295518,9.12090383585639,coarser=harder
gs_trimA10,d^-1/2,12.50137718087489,-24.984968637940177,-69.66964601085466,25.43453799616638,coarser=harder
gs_trimA10,log d,12.484832338948111,4.081978809066676,-1.781608691566782,9.147342569842175,coarser=harder
gs_num_mean,d^-1/2,12.528609153028553,-25.39832427214261,-70.04664837495241,24.228910847237564,coarser=harder
gs_num_mean,log d,12.520345886606016,4.006381066072553,-1.8029630975936544,9.305562968837018,coarser=harder
gs_icpt,d^-1/2,12.536723742899323,-28.902285021994803,-68.50032488294961,14.612789143554375,coarser=harder
gs_icpt,log d,12.534337577982567,4.117182376164024,-1.3296809771220914,9.005632175319993,coarser=harder
gs_icpt_par,d^-1/2,12.512937537318328,-17.021605561367597,-57.24662940078122,30.640132375502052,coarser=harder
gs_icpt_par,log d,12.529488491039865,2.6447177072408863,-2.971455654928291,7.034965382361912,coarser=harder
gs_icpt_perp,d^-1/2,12.533195799764657,-31.773924375417792,-71.8070921235172,10.872168455180752,coarser=harder
gs_icpt_perp,log d,12.52651993763595,4.532493239810934,-1.1321430028515722,9.789670999799261,coarser=harder
gs_area_w,d^-1/2,12.490988475931692,-29.577295071808447,-66.91524691489802,11.919809427839155,coarser=harder
gs_area_w,log d,12.442271100886957,3.3279739983110694,-0.4241206640427882,6.954457226236753,coarser=harder
ref_Ncal,d^-1/2,12.536619545598816,-31.949156992127065,-78.50015108878291,18.518049045668086,coarser=harder
ref_Ncal,log d,12.539517011154345,4.429585277159937,-1.5405786554705898,9.82993624087883,coarser=harder
ref_v4c_la,d^-1/2,12.517401087766522,-28.393050849466555,-70.37873698437006,15.453265148050727,coarser=harder
ref_v4c_la,log d,12.508036632455761,3.7967750709547747,-1.398702355869802,8.627427593436954,coarser=harder
ref_acg_gm,d^-1/2,12.609185747046023,-3.949496108621883,-42.18266485050531,30.31462716650185,coarser=harder
ref_acg_gm,log d,12.61332037948095,2.0360746481616374,-5.6784447468674255,9.790882363683941,coarser=harder
