subset,model,cv_nll,gain,params
all,const,1990.8673569114635,0.0,[168.03086]
all,a+b*L,1965.0336245244562,25.83373238700733,"[0.0, 23.5039]"
all,a+b*L^2,1961.5260474482145,29.34130946324899,"[44.13665, 2.35589]"
all,a+b*Lpar,1963.6276963087894,27.23966060267412,"[0.0, 18.06638]"
all,a+b*Lpar^2,1959.618903955522,31.248452955941502,"[51.51242, 1.26258]"
all,a+b*Lpar_cal^2,1968.319156624015,22.54820028744848,"[71.56619, 1.65056]"
all,pow(L),1963.9461763004476,26.92118061101587,"[2.58565, 1.30329]"
all,a+b/N_cal,1965.6723281016139,25.195028809849646,"[34.19237, 29960.17447]"
all,a+b*p(1-p)/N_cal,1976.3935572308108,14.473799680652746,"[109.0475, 116964.53715]"
all,a+b/N_cal+c*p(1-p)/N_cal,1965.6723279406483,25.1950289708152,"[34.19239, 29960.16988, 0.0]"
all,a+b/N_ac,1961.5260484864705,29.34130842499303,"[44.13663, 154395.64201]"
all,a+b*p(1-p)/N_ac,1973.1019815319166,17.765375379546867,"[94.87849, 910412.85248]"
all,a+b/N_ac+c*p(1-p)/N_ac,1961.8797586916166,28.98759821984686,"[45.57282, 139667.55393, 123048.99067]"
all,a+b/N_seg,1993.7047926831879,-2.8374357717243583,"[148.0054, 1043.9536]"
all,a+b/Neff_seg,1991.7616087683205,-0.894251856856954,"[155.72727, 68.81826]"
all,a+b*p(1-p)/Neff_seg,1988.7339721725932,2.1333847388702907,"[148.45884, 1462.90332]"
all,a+b/N_ac+c*noise^2,1961.526046841594,29.34131006986945,"[44.13663, 154395.62193, 0.0]"
all,a+b*Lpar^2+c*noise^2,1959.7076701983895,31.159686713074052,"[51.51243, 1.26258, 0.0]"
clean(snr>0.5),const,1025.8021358495678,0.0,[140.54648]
clean(snr>0.5),a+b*L,1010.4247942194061,15.377341630161709,"[0.0, 23.48814]"
clean(snr>0.5),a+b*L^2,1008.5360447656808,17.266091083886977,"[37.10907, 2.836]"
clean(snr>0.5),a+b*Lpar,1010.405755145903,15.396380703664818,"[0.23338, 17.4722]"
clean(snr>0.5),a+b*Lpar^2,1008.0116623832629,17.79047346630489,"[50.71825, 1.2701]"
clean(snr>0.5),a+b*Lpar_cal^2,1009.1513428216172,16.650793027950613,"[51.63947, 1.41777]"
clean(snr>0.5),pow(L),1010.4374209926007,15.364714856967112,"[2.44538, 1.41684]"
clean(snr>0.5),a+b/N_cal,1008.4908912345712,17.311244614996554,"[10.44647, 28121.80149]"
clean(snr>0.5),a+b*p(1-p)/N_cal,1014.8065926010048,10.995543248562967,"[75.96484, 106005.86993]"
clean(snr>0.5),a+b/N_cal+c*p(1-p)/N_cal,1009.9306527709942,15.871483078573533,"[12.65471, 25189.827, 19559.99494]"
clean(snr>0.5),a+b/N_ac,1008.5360456160702,17.266090233497607,"[37.10907, 185860.18591]"
clean(snr>0.5),a+b*p(1-p)/N_ac,1013.772183707734,12.029952141833746,"[78.10174, 858591.0964]"
clean(snr>0.5),a+b/N_ac+c*p(1-p)/N_ac,1008.9601017786086,16.84203407095913,"[37.10907, 185860.16095, 0.0]"
clean(snr>0.5),a+b/N_seg,1016.1780759296712,9.624059919896581,"[24.2589, 21041.04803]"
clean(snr>0.5),a+b/Neff_seg,1025.6453073155562,0.15682853401153807,"[136.1207, 101.46385]"
clean(snr>0.5),a+b*p(1-p)/Neff_seg,1025.5053878759973,0.2967479735705183,"[101.01839, 20249.15084]"
clean(snr>0.5),a+b/N_ac+c*noise^2,1010.9846464545307,14.817489395037114,"[37.10907, 185860.15536, 0.0]"
clean(snr>0.5),a+b*Lpar^2+c*noise^2,1009.1421474895524,16.659988360015404,"[50.71826, 1.2701, 0.0]"
