feat,rho_all,rho_coarse,rho_absr
ic_bg_range,0.023530174120696485,0.053374124486294056,0.0804252817011268
ic_bg_level,-0.013717974871899487,-0.16044723713216213,0.10247551390205561
ic_pore68_frac,0.017788298113556807,0.09657918562005052,-0.04786342318499267
ic_pore68_n,0.010300253418760393,0.09071021644478634,-0.04504939868230585
ic_pore68_n_round,0.01788548072340848,0.08156621027730197,-0.05380266614577563
ic_pore68_n_elong,-0.002329682983607565,0.1093042333337976,-0.006357325104514783
ic_pore68_frac_round,0.009475302969176876,0.06687282073615702,-0.052254257659040494
ic_pore68_area_mean,0.011510038233563233,0.09504453429366433,-0.025359992891563585
ic_pore68_eqr_mean,0.015032438821796869,0.09713928395188709,-0.021390154491244606
ic_pore68_depth,-0.0191066972368269,-0.00403071638328971,0.06592029952009076
ic_pore60_frac,0.004353430543971299,0.03723678348113277,-0.04014893260862881
ic_pore60_n,0.013261181622316367,0.05067170732998882,-0.06022114840187289
ic_pore60_n_round,0.013153961082371225,0.03314840700334951,-0.07198138728381444
ic_pore60_n_elong,-0.010483922483813015,0.019640654716204752,-0.0032023362650994295
ic_pore60_frac_round,0.0075072595177998105,0.0228248693115184,-0.05149713114382074
ic_pore60_area_mean,0.009603361150709847,0.010451490808875783,0.006227315891743356
ic_pore60_eqr_mean,0.01060599529919406,0.0023737942861942435,0.012897175810874625
ic_pore60_depth,-0.028924720909209334,-0.039710650056429105,0.06720168474154566
ic_pore52_frac,-0.007643611696801416,0.06464690480224947,-0.05020687895298619
ic_pore52_n,0.004110749046108233,0.07866644034505631,-0.0738173312253675
ic_pore52_n_round,0.00722496204234703,0.045102852200682476,-0.07693873952197912
ic_pore52_n_elong,0.0013021354923477134,0.14698566160596993,0.0008014906932580394
ic_pore52_frac_round,-1.3930227638981696e-05,0.03933725336477891,-0.05644850505775687
ic_pore52_area_mean,-0.021772715558012558,0.03588641442009878,-0.03214070927910881
ic_pore52_eqr_mean,-0.024762959801694313,0.02759874670621028,-0.0355011475213202
ic_pore52_depth,0.0008565454421758311,-0.07015693256561319,0.08563785000491252
ic_pore_deficit,0.016011402106359325,0.09163862409696212,-0.050580748140492876
ic_fd2_95,0.03360771843087373,0.10206459413413452,0.0017812871251485006
ic_fdo_95,0.03691147653178157,0.1042690898743423,0.020525602595024846
ic_fd2_93,0.03595761583046332,0.10629759222281254,-0.006579194316777267
ic_fdo_93,0.037926775707102824,0.10495661360152908,-0.0008297313189252757
ic_fd2_91,0.026464425857703425,0.08966115253326494,-0.026731786927147706
ic_fdo_91,0.028279697797503944,0.08887708306617571,-0.02395449639289349
ic_fd2_89,0.01636768147072588,0.06923870762880051,-0.04220061680246721
ic_fdo_89,0.015865599462397847,0.06644194893778128,-0.037431029724118894
ic_fd2_87,0.0005448021792087168,0.038840749629032556,-0.04504443617774471
ic_fdo_87,-0.001237061067002136,0.03421085252951739,-0.040977863845330496
ic_fd2_85,-0.011369038567582024,0.01584993731715253,-0.051804500191233026
ic_fdo_85,-0.014342306675129406,0.01820113703810045,-0.04441192155420448
ic_fd1_92,0.03624772899091596,0.11273380108817117,-0.026196680786723145
ic_fd1_89,0.017632486529946118,0.07310043294801571,-0.047665726662906645
ic_fd_soft,0.01750087000348001,0.07419471058432715,-0.022049080196320785
ic_deficit,0.007246204984819938,0.06587038427952933,-0.02199685598742395
ic_std,-0.0037166548666194665,0.03659845750819792,-0.013798903195612782
ic_p2,0.031595262381049524,-0.024732384389445597,0.034132072528290106
ic_p5,-0.0011816687266749067,-0.04071665414842362,0.03482077928311714
ic_p10,-0.010997131988527954,-0.06696954708386002,0.023993567974271896
ic_p20,-0.01901191604766419,-0.08028407252031926,0.0038305113220452884
ic_p30,-0.02581603926415706,-0.07954885473342249,-0.007230172920691683
ic_p50,-0.004697586790347161,-0.048286221994247716,0.018328393313573256
ic_p90,0.011491533966135864,0.05591685444031241,0.04953255013020052
ic_p98,-0.042732411955225716,-0.02130543902394343,0.06220321030571828
ic_gmm_w,0.04931367398880889,0.12078455798389119,-0.0358303227610022
ic_gmm_mu_lo,0.07224153696614787,0.05257539951514708,0.06293631574526298
ic_gmm_mu_hi,0.012562898251593006,0.03980312772882433,-0.05707261229044916
ic_gmm_sd_lo,-0.08132758931035723,-0.07265832524227381,0.011987279949119795
ic_gmm_sd_hi,-0.0017220548882195528,0.05819822790530102,0.07879941919767679
ic_gmm_sep,-0.04165485461941847,-0.0330005312620221,-0.08574485497941992
ic_st_coh,-0.00022579290317161266,0.10870598005630157,0.10405318421273685
ic_angle_abs,0.013190885080121565,0.029942434366206548,-0.008655682830467712
ic_dk_chord_par,0.01036357051452302,0.0851151111332107,0.17561967308110196
ic_dk_chord_par_med,0.002674045776877034,0.01387078077078283,0.07536700614127752
ic_dk_gap_par,0.017714663283805058,0.057798900714405965,0.08082910925633566
ic_dk_nchord_par,0.027977487909951644,0.07465391637813644,-0.14111586046344185
ic_dk_chord_perp,0.013793901721220855,0.05435582517030482,0.19281783773898845
ic_dk_chord_perp_med,0.017078230645217757,0.035628331904213856,0.19347891548864746
ic_dk_gap_perp,-0.02501127616706368,-0.11269703147531206,0.09993799888784799
ic_dk_nchord_perp,0.03266806667226668,0.10716470954622895,-0.11801020004080016
ic_dk_chord_aspect,-0.0029626481879421493,0.0664014718313361,0.041265567279136585
ic_dk_n,0.032487413085514984,0.07592344020059778,-0.22131822697591297
ic_dk_area_mean,0.0022000888531575457,0.05648841909856437,0.15079476679814163
ic_dk_area_med,-0.029819527333118424,0.005163663587724236,0.13019240942789204
ic_dk_area_cv,0.05069588278353113,0.146690603989961,0.05285973143892576
ic_dk_eqd_mean,-0.0029978039912159646,0.04212358253796692,0.1479748958995836
ic_dk_eqd_wmean,0.009169764679058716,0.08470026440971905,0.1445443221772887
ic_dk_maj_mean,-0.0029009396037584147,0.05212352147336668,0.1311068604274417
ic_dk_min_mean,-0.0026305065220260876,0.029065528422518184,0.1227822831291325
ic_dk_asp_mean,0.0021987927951711804,0.08373300114190804,0.07009458437833752
ic_dk_asp_wmean,0.013754839019356077,0.1199980459327923,0.06432678530714123
ic_dk_asp_med,0.007575679029981342,0.07522303845237877,0.04511303278298249
ic_dk_ori_R,-0.04782095928383713,-0.028225279523207605,0.16541480565922262
ic_dk_ori_Rel,-0.02683009132036528,0.019500369440831458,0.14178594314377257
ic_dk_elong_align,-0.009323461293845176,0.07592650264715042,0.12088848355393421
ic_dk_solidity,-0.01199630398521594,-0.057575368982846965,0.01594633578534314
ic_dk_maj_wmean,0.008173280693122773,0.0946073851527531,0.11524126096504386
ic_dk_min_wmean,0.010532010128040512,0.06032327599367371,0.10866725066900267
ic_dk_count_density,0.030552853210441978,0.07812999968298734,-0.21859136905838328
ic_acg_len50_par,-0.014493718524637772,0.08004678051736017,0.2551479367877142
ic_acg_len30_par,-0.013904442964141754,0.08979103863654689,0.2701458513688621
ic_acg_ac8_par,-0.01241947367789471,0.08887952565018535,0.2614778779115116
ic_acg_ac16_par,-0.018810891243564973,0.07019864314458266,0.2632802851211405
ic_acg_len50_perp,-0.007531882253715573,-0.10698105522091572,0.18986558447479152
ic_acg_len30_perp,-0.009371214188716299,-0.10554585869365296,0.1994394476595857
ic_acg_ac8_perp,-0.01748253393013572,-0.09301482037847841,0.2116689426757707
ic_acg_ac16_perp,-0.05321214884859538,-0.08030117060838661,0.08260381841527364
ic_acg_len50_aspect,9.314153970971926e-06,0.11544943308759892,0.08064285729163086
ic_acg_len50_gm,-0.007845502194712861,0.009843298251635765,0.243987634645219
ic_acg_len30_aspect,0.006750901298865445,0.11507349594895135,0.09457838322347002
ic_acg_len30_gm,-0.008691034676550715,0.025906327619221847,0.27047627555722653
ic_acg_lobe_area,-0.00787289600887994,0.005783591142679973,0.24356491510939365
ic_acb_len50_par,-0.004918671739017522,0.08423538253302885,0.2295505014365174
ic_acb_len30_par,-0.008489906243539107,0.10311113187599832,0.23578551225267075
ic_acb_ac8_par,-0.005061140244560979,0.07828115363242776,0.23561547046188183
ic_acb_ac16_par,-0.00486625946503786,0.09338853573195084,0.2431076284305137
ic_acb_len50_perp,-0.0017627292296737,0.03768016752419003,0.26237251110146176
ic_acb_len30_perp,-0.004346018776453083,0.03460063371871268,0.26715051601425305
ic_acb_ac8_perp,-0.0013783735134940537,0.03849878786768523,0.277124404497618
ic_acb_ac16_perp,0.03621691286765147,0.042025879177581965,0.22963800655202618
ic_acb_len50_aspect,-0.002737101156523241,0.10107211045104732,0.10218512584941224
ic_acb_len50_gm,-0.007261898286972872,0.06293619698010391,0.2631050620580864
ic_acb_len30_aspect,-0.006523459137878392,0.11322241234775927,0.11122960595706016
ic_acb_len30_gm,-0.012151992630125086,0.07911203992064103,0.26960414679739453
ic_acb_lobe_area,-0.002668259163993865,0.06791531056749195,0.26268040089346106
ic_ridge_snr,-0.008041472165888665,0.012438859069009106,-0.1266126984507938
ic_seg_fd93,0.011773391093564374,0.08009843613558786,0.017851463405853623
ic_seg_fd91,0.020351841895811792,0.09114868619512582,-0.017257797445376925
ic_seg_fd89,0.014414029115483864,0.07512533509199383,-0.035360501928529194
ic_seg_fd87,-0.010392208901202316,0.04453414348451647,-0.03663635001816966
ic_seg_nd91,0.023303291100404692,0.0818074701970555,-0.194799694090222
ic_seg_nfrac91,0.007627263602552128,0.017041453769522753,0.029829556467756216
ic_seg_dk_area_mean,0.0019203441422592181,0.06484942376356004,0.26889066009640655
ic_seg_mx_area_mean,-0.0034931659726638903,-0.01974707042580346,0.18830888123552494
ic_seg_dk_level,0.0460643739317964,0.06342531990489676,0.05086496825007996
ic_seg_mx_spread,-0.006336864618533267,0.02842678919669811,-0.048983688094265704
ic_seg_L_par,0.0020908883635534538,-0.0017378985228473202,0.19166841467365867
ic_seg_L_perp,0.008023616094464378,-0.013772509938263691,0.17155921423685694
ic_seg_L_aspect,-0.006080280321121284,0.05688411770812343,0.08489582758331034
ic_seg_L_gm,0.0036444625778503112,-0.007788179114685426,0.1832997731990928
ic_noise,0.012456049824199296,0.0021360397164159966,0.14097320389281556
ic_spec_4_8,0.0011046764187056747,0.04766092048778404,0.051480205920823675
ic_spec_8_16,0.006934587738350954,0.01823511092384634,-0.09453359413437654
ic_spec_16_32,0.011725198900795604,0.025904824714065012,-0.1681824007296029
ic_spec_32_48,0.01469698678794715,0.09352043526847052,-0.17491673166692667
ic_spec_slope,0.012894003576014303,0.07867929482599642,-0.12556706226824907
q_noise,0.012456049824199296,0.0021360397164159966,0.14097320389281556
q_noise_spec,0.013204084816339265,0.008567363413755413,0.13905319621278484
q_spec_2_4,0.02158501434005736,0.03518420136662576,0.110562970251881
q_spec_4_8,0.0011046764187056747,0.04766092048778404,0.051480205920823675
q_spec_8_16,0.006934587738350954,0.01823511092384634,-0.09453359413437654
q_spec_16_32,0.011725198900795604,0.025904824714065012,-0.1681824007296029
q_spec_32_48,0.01469698678794715,0.09352043526847052,-0.17491673166692667
q_spec_48_64,0.012551186204744817,0.03973962054457411,-0.16631980127920512
q_spec_64_96,0.0020860883443533772,-0.0026440971904177434,-0.11486887547550188
q_spec_slope_hi,0.012894003576014303,0.07867929482599642,-0.12556706226824907
q_spec_slope_vhi,0.015482941931767726,0.05058957871532295,-0.11116086064344256
q_k_cut,0.00038585259749679163,0.07291177709069241,-0.1596144058407034
q_res_noise,0.036291269520030686,0.040648261796154155,-0.11978142149945745
lv_M,-0.005701729407274865,-0.12335895853973816,0.09489082415727769
lv_p0.1,-0.001046500186000744,-0.06382349887946459,0.029817815271261084
lv_p1,0.007337021348085391,-0.05928029262156436,0.04334446137784551
lv_p5,-0.0008171552686210745,-0.07123918393268239,0.0501755607022428
lv_p25,-0.00934054936219745,-0.06778048497505512,0.01950324601298405
lv_p50,-0.015996255985023942,-0.08186686695855545,0.039446845787383146
lv_p75,0.015265885063540256,-0.02148374765664597,0.000845379381517526
lv_p95,0.01346933387733551,-0.008276695916610182,0.004234000936003744
lv_p99,-0.016283393133572535,-0.04750459511116811,0.025341797367189466
lv_mean_rel,-0.01098503594014376,-0.07443896898528955,0.04260698642794571
q_illum_range,0.017856551426205704,0.06102185502042612,0.09971963087852352
pore70_frac,-0.0032462152291784126,0.05266711237649787,-0.035651720414731775
pore70_n,-0.0026373077833716195,0.03049691305693173,-0.05576432937273672
pore70_n_big,0.01105486052048993,0.0641208530630408,-0.06065079486704731
pore70_n_round,-0.005784470794736753,0.031606991155124116,-0.0692399469098963
pore70_n_elong,0.002995124790746584,0.055970599281923855,-0.019978790696297245
pore70_frac_round,-0.010303950828545417,0.05866320335929304,-0.07034368231761384
pore70_frac_elong,0.012295455664075984,0.06514402410478971,0.015398747218571329
pore70_area_mean,-0.010682586051070322,0.06546181093914125,0.011453178571907353
pore70_area_max,-0.0034623362158943396,0.0552441622241229,-0.0025202535517875415
pore70_eqr_mean,-0.016023034125837804,0.07979210540164886,0.005824991125064513
pore70_asp_mean,-0.0441046600085368,-0.000660993502079337,0.03707587496830762
pore70_depth,-0.03795644643013318,-0.061039878688320885,0.050025611505727784
pore60_frac,0.01268777273509523,0.04996939299429514,-0.041775586413194454
pore60_n,0.007793840275764332,0.03687056406147274,-0.06266281195115858
pore60_n_big,0.029099150827624588,0.0720198939001397,-0.05599322537625723
pore60_n_round,0.014521045249913296,0.022197027939669354,-0.07930214108174845
pore60_n_elong,-0.01176942706457922,0.03664528188136309,0.0072511186535453446
pore60_frac_round,0.019236089419694943,0.03640645810414372,-0.05456440987751035
pore60_frac_elong,-0.0034827219697804554,0.05411096510929718,0.022339765051105038
pore60_area_mean,0.035837054245306775,0.03779337270813569,0.021084411576666167
pore60_area_max,0.010694666829092933,0.04497061034176873,-0.016756595862855772
pore60_eqr_mean,0.04179495980369282,0.039160043726407925,0.028797826653836234
pore60_asp_mean,0.004298582308972353,-0.020564749829595053,0.037702526032033494
pore60_depth,-0.02761777946243106,-0.030396173176695223,0.058252559362365154
pore50_frac,0.008365017369022803,0.10647319421970067,-0.06340419784692213
pore50_n,0.008469528140355159,0.10607905871446685,-0.08741273170477655
pore50_n_big,-0.004347512114545705,0.10709164473189514,-0.0244819275950355
pore50_n_round,0.004117513280139374,0.06297406817907136,-0.09686828532788165
pore50_n_elong,0.0464798813571382,0.1924653555461561,-0.020208232123000682
pore50_frac_round,0.004942379817688972,0.0727426893078461,-0.0773803520863891
pore50_frac_elong,0.04897154410448706,0.1862426839100662,-0.017734091901355227
pore50_area_mean,0.0037774184975455623,0.0923343716836151,-0.05275777231842511
pore50_area_max,0.006826909353888795,0.10902854805701039,-0.054297069188901065
pore50_eqr_mean,0.0034692505707211627,0.09074371656022134,-0.05508872585774148
pore50_asp_mean,0.017682998677025167,0.12760481570954,-0.08399078098076751
pore50_depth,-0.0009738475926215901,-0.10220612160412691,0.10295907324409298
ph_px8,0.027492109968439874,0.08560157790927021,-0.009034116136464545
ph_px2_8,0.023537758151032602,0.0797247207821154,-0.0022195288781155123
ph_px12,0.033066564266257065,0.0984691104719683,-0.014093432373729493
ph_px2_12,0.027189708758835033,0.09025714303161314,-0.0053309013236052935
ph_px16,0.024400225600902402,0.08402611122306289,-0.022329113316453267
ph_px2_16,0.022343705374821495,0.08312968289153096,-0.011596366385465542
ph_px20,0.020502802011208045,0.08344721881278205,-0.03533303733214933
ph_px2_20,0.017583150772517486,0.08703590620582403,-0.0187242118844714
ph_px26,0.001561207556245123,0.06590782797162255,-0.04076314129361824
ph_px2_26,-0.0033640043570165325,0.05992750931982005,-0.016456894406285966
ph_rel92,0.03341725366901468,0.1048564676571345,-0.015368221472885892
ph_rel90,0.030431449725798903,0.10143440745965156,-0.02379484717938872
ph_rel87,0.0223144263287978,0.09611696076415636,-0.04016848260201762
ph_deficit,0.017407557630230518,0.07980288347042337,-0.027559790239160956
ph_deficit2,0.017234084936339746,0.08032803903249248,-0.014586010344041375
ph_excess,0.016114144456577825,-0.015330878536403662,0.002984747938991756
dk_n,0.022626230644060285,0.035843501968463067,-0.24466348235704935
dk_area_mean,-0.015560760074365599,0.07216980844034905,0.20512340343337274
dk_area_med,-0.023604462968375192,-0.05762366794050006,0.13719494705108992
dk_area_cv,0.03993548928560651,0.18872305060003566,0.0763852598097654
dk_eqd_mean,-0.020263949585918824,0.04494965223710164,0.1974694449139242
dk_eqd_wmean,0.0012383320858584638,0.1215173331867783,0.18614433686650408
dk_maj_mean,-0.02176825941038704,0.054089801601113825,0.17604954487287827
dk_min_mean,-0.01431740589612961,0.037018581957853215,0.1833344761812782
dk_asp_mean,-0.015134848009271555,0.022695269325419366,0.08435048410073158
dk_asp_wmean,-0.016464253808822462,0.026662025757048385,0.06186174759156868
dk_asp_med,-0.001432938303878926,-0.027636616776888275,0.047690566452477844
dk_ori_R,-0.03453958602843244,-0.018408545629637854,0.12076678950109354
dk_ori_Rel,-0.03720800727256942,-0.011857531315474951,0.08852601802462802
dk_elong_align,-0.027146051138421418,0.016471565268897967,0.09856725499191153
dk_solidity,-0.00521911292464447,-0.04125646521455048,-0.016543448342468067
dk_frac,0.026836811347245387,0.09628544036736464,-0.012796467185868741
q_ridge_contrast,-0.0069273877095508375,0.0035893772021421463,-0.09643123372493488
q_ridge_snr,-0.008041472165888665,0.012438859069009106,-0.1266126984507938
q_ridge_p99,-0.00398814395257581,0.017397304608545383,-0.14172738290953163
seg_n_regions,0.002867227467346958,0.011357890238357609,-0.19989989449484905
seg_Mg,0.009261210644140901,-0.000930704077369428,-0.1299975176466969
seg_fd12,-0.009828423313693255,0.05645666550643926,-0.025043524174096696
seg_nd12,0.00959605495058044,0.0812513226535443,-0.20743764397369666
seg_fd15,0.005997192132701143,0.07329583966878561,-0.03167551946229032
seg_nd15,0.015495003068472757,0.09811019848102659,-0.19533995172701896
seg_fd20,-0.011221691968732017,0.03080972154429696,-0.04692716277880027
seg_nd20,0.008238794884450512,0.06271729970372916,-0.18672324134483587
seg_D_rel,0.04737320812697004,0.08091899443172801,0.07438242234373957
seg_matrix_spread,0.03438590518765602,0.0501990222530922,-0.011883956049644102
seg_n,0.0022184481409986806,0.011880689937681804,-0.20043938397681918
seg_area_mean,-0.002270505082020328,-0.01153754556945793,0.19988748754995017
seg_area_med,-0.03854930772891141,0.003296319456394521,0.2520427054613146
seg_area_cv,0.036278833115332455,-0.010856064630772896,0.1574700058800235
seg_eqd_mean,-0.008783075132300528,0.0068380139349417755,0.23906687626750506
seg_eqd_wmean,0.0038451993807975225,-0.018098326219307407,0.17284965139860556
seg_maj_mean,-0.013177876711506845,0.03903615634980247,0.25262491449965796
seg_min_mean,-0.010011688046752187,-0.029800746209414943,0.2132973971895888
seg_asp_mean,-0.0004021456085824343,0.06335452274961684,0.11028418513674054
seg_asp_wmean,0.005449077796311185,0.04986657384847431,0.0543566654266617
seg_asp_med,0.003806415225660902,0.08760693938117135,0.10745342181368725
seg_ori_R,-0.006864123456493825,0.005614279346120261,0.001548198192792771
seg_ori_Rel,-0.027159660638642554,-0.022030886474801694,0.006752475009900039
seg_elong_align,-0.0006346585386341545,0.041192958030300264,0.05773424693698775
seg_solidity,-0.02062750651002604,-0.0346443903004989,-0.08127930111720447
seg_inv_sqrt_d,0.002270505082020328,0.01153754556945793,-0.19988748754995017
seg_count_density,0.0022184481409986806,0.011880689937681804,-0.20043938397681918
seg_area_p10,-0.08068979040383867,-0.1042734427045022,0.1393694560582768
seg_area_p90,-0.0042023694146188974,0.03600735217786897,0.24444302897191458
seg_area_p90_p10,0.022826683854575834,0.05977857975952761,0.20227290994618966
seg_area_wmean,0.004412657650630603,-0.015235617760028334,0.17210795243180974
seg_area_skew,0.03361693446773787,0.01423660090009221,0.10808097632390527
segdk_n,0.015495003068472757,0.09811019848102659,-0.19533995172701896
segdk_area_mean,-0.013876583428817157,0.05082178438758349,0.2532765653227404
segdk_area_med,-0.049605259744488206,-0.019640237692850848,0.19695701821680325
segdk_area_cv,0.10391848831527131,0.18178653917449447,0.11113838116630251
segdk_eqd_mean,-0.02185190239391294,0.032370344587539165,0.24717642115580704
segdk_eqd_wmean,0.005431968880671818,0.07493908806126003,0.25162807737119774
segdk_maj_mean,-0.01977147672475202,0.03260653373775547,0.2306903205455783
segdk_min_mean,-0.02289454427023303,0.029197951369897075,0.24305239409025803
segdk_asp_mean,-0.020336763318399422,0.027288548555516885,0.06267884730698702
segdk_asp_wmean,-0.020386995901575035,-0.004415494008254191,0.034145088314856666
segdk_asp_med,-0.014564388528335427,0.01094674556213018,0.07678166932395736
segdk_ori_R,-0.018721698013296546,0.009087089371738521,0.09913125786888556
segdk_ori_Rel,-0.023306423910063254,0.01065091405431678,0.07396936073275186
segdk_elong_align,-0.03757460376620979,0.0017552583163442897,0.0691899422709082
segdk_solidity,0.016782395121629164,-0.06510118840435584,0.010994960272779443
seg_L_mean,0.0002626570506282025,-0.017397304608545383,0.18414678458713835
seg_L_max,0.004002928972418958,-0.006012435225585014,0.18613384520750903
seg_L_min,0.0010652687979708013,-0.023953302479513272,0.17229711202621442
seg_L_aniso,0.0036115345328149606,0.07659577066578734,0.10267361315861936
seg_L_inv_sqrt,-0.0002626570506282025,0.017397304608545383,-0.18414678458713835
seg_line_frac,-0.0012719576067892367,0.017650144387541398,-0.18223784330442847
ac50_major,-0.011691606342588734,0.08102417547523527,0.2663160378369997
ac50_minor,-0.00938164360588145,-0.09189611690207071,0.19723709275804852
ac50_aspect,0.0016402170015127203,0.10278399788962528,0.09712843704097
ac50_gm,-0.00675190467922103,0.0092439591844212,0.25976948128438104
ac25_major,-0.02084571538286153,0.0723896410012152,0.27688257953031814
ac25_minor,-0.014808347233388933,-0.09490293781791759,0.21446572186288745
ac25_aspect,-0.002439753759015036,0.09053315502470065,0.10699117996471984
ac25_gm,-0.022012122161652475,0.011500906809313574,0.2880378038028457
acp_2,-0.0018884235536942148,-0.017817429058200673,0.22114715658862633
acp_4,-0.0075420781683126735,-0.03307625136632043,0.23268630674522695
acp_6,-0.01271064284257137,-0.04315923815804741,0.24704950019800076
acp_8,-0.014553082212328849,-0.034727438156826114,0.26189039156156624
acp_12,-0.022294745178980713,-0.02516472175914901,0.2861638966555866
acp_16,-0.0255939903759615,-0.007626968570050257,0.2956464305857224
acp_24,0.04078566714266857,0.050611561971409556,0.09509894039576157
acp_32,0.07775992703970816,0.07238719841720556,-0.17818890475561902
hp_std,-0.00042163368653474613,0.04377965449649184,-0.056537890151560605
ac2_major,-0.018812962927542153,0.06831785345717235,0.267174553705455
ac2_minor,-0.01016591681136215,-0.08813942269526932,0.21424548839413066
ac2_aspect,-0.0014366950225658368,0.09295503383287976,0.12375910093453416
ac2_gm,-0.01883883594585493,0.010995291919321451,0.2801581443847205
st1_coh,0.001161316645266581,0.1055257356757714,0.08533867735470942
st1_lcoh,-5.5296221184884726e-05,0.07192555003938667,0.219998703994816
st1_energy,0.0072165408661634635,0.0470209634772626,-0.15679771519086075
st2_coh,0.000964131856527426,0.10106069210617913,0.11327229308917236
st2_lcoh,0.008375265501062004,0.1293336020175744,0.21375032700130797
st2_energy,0.010352201408805634,0.04522810681419875,-0.1361115524462098
st3_coh,-0.0008568994275977103,0.08954635108481263,0.13364991059964237
st3_lcoh,0.008198240792963172,0.11701076568902244,0.17112769251077004
st3_energy,0.008047712190848762,0.04430236747455133,-0.1053934455737823
cal_ic_seg_fd93,0.04828137712550849,0.12594085282820697,0.03309402037608151
cal_ic_seg_fd91,0.04334350137400549,0.122882737648158,0.012003312013248052
cal_ic_seg_fd89,0.029534806139224556,0.09899426603403741,-0.008676514706058824
cal_ic_fdo_93,0.056020736082944333,0.14014447884416925,0.005384853539414158
cal_ic_gmm_w,0.0621621686486746,0.11627066273410643,-0.007320797283189132
cal_ic_acg_len50_par,-0.00350439801759207,0.0918521503898975,0.2006315865263461
cal_ic_acg_len50_perp,-0.0035685262741050965,0.009268385024517437,0.11729595718382872
cal_ic_acg_len30_par,-0.008665858663434653,0.09158835131685811,0.2252198768795075
cal_ic_acg_len30_perp,-0.007418045672182689,0.00979354058658655,0.16029577718310872
cal_ic_pore60_n,0.01646742586970348,0.10416521638241098,-0.045627926511706045
cal_ic_pore60_frac,-0.00026467305869223477,0.06928511672498336,-0.033572678290713164
cal_ic_pore68_n,0.0028933555734222934,0.09534504552365948,-0.04610658442633771
cal_ic_dk_maj_wmean,0.02451504206016824,0.10969034141217995,0.11911823647294588
cal_ic_dk_min_wmean,0.025368005472021886,0.071034006875874,0.1118069432277729
cal_ic_dk_area_cv,0.009944871779487118,0.05817868723322403,0.15329773319093276
cal_ic_seg_L_par,-0.02648813795255181,0.04720659986199401,0.27787656750627004
cal_ic_seg_L_perp,0.00016924867699470798,0.045882719328777924,0.23812108048432193
cal_ic_seg_L_gm,-0.015312253249012996,0.05361838288725643,0.2772135888543554
cal_ic_st_coh,-0.0022114648458593836,0.11790230885253511,0.13008426433705736
cal_ic_seg_nfrac91,0.016137664550658203,0.07662508167390283,0.02745927783711135
cal_ic_seg_dk_area_mean,-0.0055629342517370065,0.08943154963636031,0.27312214848859395
cal_ic_seg_mx_area_mean,-0.014520634082536328,0.061063378948589715,0.2676146064584258
cal_seg_count_density,0.012392977571910286,-0.07823230195223528,-0.26880837123348494
cal_seg_asp_wmean,0.001690374761499046,0.16536171615952516,0.14707921231684926
cal_seg_area_cv,0.030863931455725822,0.037831962433057933,0.16762358249433
cal_seg_ori_R,0.011762735050940203,0.1585933158688577,0.08351822207288828
cal_segdk_area_cv,0.04850774603098412,0.06275853225126862,0.21050138600554402
cal_seg_inv_sqrt_d,0.011458317833271333,-0.08286099865047233,-0.28036307345229383
cal_seg_elong_align,0.015937599750398997,0.1783245094985986,0.13076778707114828
raw_mean,-0.01753696614786459,-0.1731389036461673,0.1041072324289297
raw_std,0.028154224616898465,0.0821990583838643,0.05384344737378949
raw_p1,-0.026690998367477906,-0.16390578690205443,0.040186797141550455
raw_p5,-0.03321415079860147,-0.18116287552425642,0.06264153937900074
raw_p50,-0.019910755296048757,-0.17996495678454585,0.08696263754428335
raw_p95,0.0030767390267116674,-0.11741745773195945,0.15766720589577218
raw_p99,0.010001639906758713,-0.08934907754722665,0.17019259074315576
noise_sigma,0.0125250741002964,0.0021360397164159966,0.14096120384481536
lap_var,0.01583555134220537,0.011530217817429059,0.13425845703382813
z_p0.5,0.007312061248244992,-0.007922521235214735,0.03588916755667022
z_p1,0.03320960483841935,0.029988825178155973,0.0310437401749607
z_p2,0.05525666902667611,0.06306385525247159,0.03172659090636362
z_p5,0.051379693518774076,0.050135258089532925,0.028328369313477254
z_p10,0.05169467077868311,0.06679368103516711,0.037859095436381746
z_p25,0.016939075756303025,0.018574630101184045,0.017951015804063216
z_p75,0.016912195648782595,0.018574630101184045,0.01796186384745539
z_p90,0.011187596750387,-0.01587068960253052,0.02352316609266437
z_p99,-0.041175620702482804,-0.1570569305268043,0.06480285121140483
den_std,-0.005051348205392821,0.032394770427635396,-0.03696744386977548
pore-2.0_frac,-0.038551155924138256,-0.022529765202107355,-0.04051371589046316
pore-2.0_n,-0.04092901590560384,-0.028315811482162417,-0.12327245329495753
pore-2.0_area_mean,-0.006999090337672314,-0.018115888933929635,0.07114129016952933
pore-2.0_area_max,-0.05271129212410428,-0.038368317554828675,0.020708957353426333
pore-3.0_frac,-0.005227689474923229,-0.005375701868348291,-0.011587272764883309
pore-3.0_n,-0.0068036225072366195,0.004982653772196469,-0.06059779578820525
pore-3.0_area_mean,-0.015300220910806529,-0.05541127744981577,0.052908925658450914
pore-3.0_area_max,-0.009974921893152569,-0.023777747865615356,0.024969758172415132
pore-4.0_frac,-0.008244928626561192,-0.04129425860134376,-0.02029292692228185
pore-4.0_n,-0.007800807439472466,-0.031767697166757536,-0.03254410947844704
pore-4.0_area_mean,-0.002495777266350446,-0.05509305919467678,0.013260739184091859
pore-4.0_area_max,-0.006298081366808302,-0.0496239773083509,-0.002013177718621331
phase_dark_frac,0.04630895545865175,0.04076062066059685,0.04914408693526397
phase_bright_frac,-0.0263582058610024,0.047866156003181747,-0.0664825330991989
phase_gap,-0.02971077484309937,0.006779391918710805,-0.0199315037260149
otsu_dark_frac,0.027147089800600946,0.0056753508776257395,0.06415730894744029
canny1.0_density,-0.004677476955097298,0.02705548003917295,-0.13737675944789815
canny2.0_density,-0.008969136156134533,0.013196257146742683,-0.1273438482339355
canny3.0_density,0.004297253803901821,-0.0034106422309343543,-0.0522157913555075
grad_mean,0.0018526154104616416,0.029866695977674784,-0.15713362053448215
grad_std,-0.009063492253969015,0.0077613106905795645,-0.11089407557630229
ws_n,0.01342207784559584,0.0677717070573836,-0.1939313703033304
ws_area_mean,-0.01394103209871317,-0.06642000624081833,0.19265381523895256
ws_area_med,-0.025356998036910612,-0.07219279197760947,0.1352917131226547
ws_area_std,0.004643730574922299,-0.03437326347543067,0.17469785079140318
ws_area_cv,0.06375222300889204,0.10623897020658156,0.08719177276709106
ws_d_inv_sqrt,0.01394103209871317,0.06642000624081833,-0.19265381523895256
ws_ecc_mean,0.017744134976539906,0.10335916365923511,-0.003135948543794175
ws_ori_R,0.009549254197016788,0.11745287339476435,-0.03584567938271753
st2.0_coh,0.00251751407005628,0.050623774891457675,-0.04585573542294169
st2.0_ratio,-0.00251751407005628,-0.050623774891457675,0.04585573542294169
st2.0_angle_abs,-0.05110801243204973,-0.07471009581035779,0.0494437497749991
st6.0_coh,0.0029063156252625007,0.04835461434651719,-0.04675842703370813
st6.0_ratio,-0.0029063156252625007,-0.04835461434651719,0.04675842703370813
st6.0_angle_abs,-0.05093569174276697,-0.07611458161589146,0.04785254341017364
ac_len_major,-0.008238659511322794,0.03773724787824476,0.23059165106671795
ac_len_minor,0.00018093581340985704,0.013721622698195025,0.19034230909950503
ac_aspect,-0.01652995709852771,0.04080393833632875,0.034074879561071934
ac_len_gm,-0.0040375541097139546,0.023659612386897712,0.22020683785124512
fft_1_3,0.01151812607250429,-0.01318384719194436,0.11006482425929702
fft_3_6,-0.0491314605258421,-0.01971531683367835,0.09249684998739995
fft_6_10,-0.019278989115956463,0.012895622278808753,-0.17262904251617003
fft_10_16,2.7456109824439293e-05,-0.02010857285922778,-0.22933051732206927
fft_16_25,-0.0006088344353377413,-0.01050921770140632,-0.2122871851487406
fft_25_40,-0.00043296173184692734,0.012819902174510416,-0.19763483853935415
fft_40_64,0.0020858963435853744,0.03652273740389959,-0.18070017880071518
fft_64_100,-0.0014664058656234623,0.0030202551278998057,-0.18439110556442226
fft_100_128,0.005297877191508766,-0.028870121701748287,-0.20379700718802873
fft_centroid,-0.003021996087984352,0.0027588986388700607,-0.18279538718154872
glcm1_contrast,-0.013878679514718058,-0.05082650936425646,-0.17728525314101257
glcm1_contrast_aniso,-0.008829635318541274,-0.0029323221035533497,-0.14709879639518558
glcm1_homogeneity,-0.0004238416953667814,0.0062395808525839485,0.2074241896967588
glcm1_homogeneity_aniso,0.011655214620858481,0.09638558631175922,-0.12007449629798521
glcm1_correlation,-0.004920787683150732,-0.02326194881565208,0.20263626654506617
glcm1_correlation_aniso,0.0008225312901251605,0.018550204261087805,-0.16071520286081145
glcm1_energy,-0.0030339961359845437,0.01073637801430133,0.1704554978219913
glcm1_energy_aniso,0.0243187212748851,0.11573817942000843,-0.047818847275389105
glcm3_contrast,-0.013852375409501638,-0.045379547022795425,-0.17410639242556972
glcm3_contrast_aniso,-0.013475381901527606,0.023606353161009036,-0.09684067536270144
glcm3_homogeneity,-0.0035710222840891364,0.0037066212346040877,0.2183516254065016
glcm3_homogeneity_aniso,-0.0016122304489217957,0.10258974969620363,-0.004537266149064596
glcm3_correlation,-0.0027242988971955887,-0.01361618456164777,0.2034499657998632
glcm3_correlation_aniso,-0.006193944775779103,0.03712117048625742,-0.10108686834747338
glcm3_energy,-0.006279865119460477,0.005384676449215626,0.18604759219036876
glcm3_energy_aniso,0.002570890283561134,0.13597254535573183,0.0796373105492422
glcm8_contrast,-0.016176928707714828,-0.046876851020694804,-0.1617555590222361
glcm8_contrast_aniso,-0.02352652610610442,0.02398006851448147,-0.0006593306373225492
glcm8_homogeneity,-0.015391549566198266,0.011332368512649533,0.22639712958851832
glcm8_homogeneity_aniso,0.00031968127872511486,0.11422621991805133,0.17427468109872438
glcm8_correlation,-0.0047454909819639275,-0.0013592980013556345,0.21372747890991564
glcm8_correlation_aniso,-0.00889750759003036,0.045259860406323855,0.007879615518462073
glcm8_energy,-0.014058488233952934,0.01132992592863991,0.16710412441649766
glcm8_energy_aniso,-6.182424729698918e-05,0.11758721551529366,0.19647764991059966
lbp0,0.025276451437565673,0.023165509185087543,0.028852086030868133
lbp1,0.02255441610911533,0.01989979268514196,0.09560550303939218
lbp2,0.02563604099594231,0.02317543521197347,-0.19015015881651604
lbp3,0.0019577845359407034,0.01727154317247512,-0.18994076414174396
lbp4,-0.004313010080138335,0.048531731322931676,-0.17550975973691604
lbp5,-0.033545723115430214,-0.03243028691305141,-0.003270879124545708
lbp6,0.02393795241263033,0.02162062477921906,0.036880253189677914
lbp7,0.022596010110868956,0.01169756339440448,0.16732158574220718
lbp8,-0.00329564613173075,-0.07986297061905015,0.22228333715095897
lbp9,0.020004237939906213,0.018694362380261995,0.09265733111884938
g_n,0.0025455254295517456,0.012226536672864914,-0.20112324532772136
g_n_int,0.0016785562605914038,0.009218346625608727,-0.20508243166486367
g_neff,-0.0039549278197112785,0.016158914515666124,-0.1721016164064656
g_fd,0.018791163615642394,0.08988098509413107,-0.01971751934329784
g_nd,0.023564684736847606,0.08280343047164906,-0.19557221215700196
g_neff_dk,0.00974735590209222,0.02370923125012709,-0.22017487966768598
g_amax,0.00945450499473419,-0.014026538675264565,0.1649842993719314
g_amax_frac,0.008861123444493779,-0.01685260837439928,0.16375486301945208
g_amax_dk_frac,0.01260470672133985,0.11490770085673636,0.2332205544795113
g_amean,-0.0023968416448907795,-0.0128492131826259,0.20065775144679188
