feat,rho_y,rho_y_clean,rho_resid
cal_ic_seg_fd93,0.6523,0.7142,0.0483
cal_ic_fdo_93,0.6404,0.6807,0.056
cal_ic_seg_fd91,0.6374,0.7088,0.0433
cal_ic_gmm_w,0.6352,0.6937,0.0622
cal_ic_dk_maj_wmean,0.6181,0.6443,0.0245
ic_fdo_93,0.6103,0.6785,0.0379
cal_ic_seg_fd89,0.6018,0.6865,0.0295
cal_ic_seg_nfrac91,0.5975,0.6473,0.0161
cal_ic_dk_min_wmean,0.5967,0.6452,0.0254
ic_dk_maj_wmean,0.5941,0.64,0.0082
ic_gmm_w,0.5909,0.6882,0.0493
ic_fd2_93,0.5901,0.6638,0.036
ic_fdo_95,0.5899,0.6314,0.0369
ic_fdo_91,0.5853,0.6889,0.0283
ic_dk_eqd_wmean,0.581,0.6275,0.0092
ic_fd2_91,0.5759,0.6841,0.0265
ic_p30,-0.5687,-0.6494,-0.0258
ic_dk_min_wmean,0.5655,0.6298,0.0105
ic_p20,-0.5629,-0.6412,-0.019
ic_seg_fd93,0.5565,0.6991,0.0118
ic_fd1_92,0.5537,0.6355,0.0362
ic_fd_soft,0.5534,0.6648,0.0175
ic_fd2_95,0.552,0.5859,0.0336
ic_dk_area_mean,0.5507,0.5885,0.0022
ic_dk_maj_mean,0.5496,0.5773,-0.0029
ic_seg_fd91,0.546,0.6976,0.0204
ic_fdo_89,0.5424,0.6787,0.0159
ic_fd2_89,0.5387,0.6781,0.0164
ic_fd1_89,0.5279,0.6755,0.0176
ic_dk_eqd_mean,0.5218,0.5518,-0.003
dk_frac,0.5187,0.6279,0.0268
ph_rel92,0.5159,0.6162,0.0334
ic_deficit,0.5154,0.622,0.0072
ph_rel90,0.5138,0.6244,0.0304
ic_dk_solidity,-0.5137,-0.5653,-0.012
ic_seg_fd89,0.5109,0.6832,0.0144
ic_dk_min_mean,0.5107,0.5577,-0.0026
ph_px2_12,0.5028,0.6169,0.0272
ph_px2_16,0.4957,0.6197,0.0223
ic_p10,-0.4936,-0.5445,-0.011
ph_px12,0.4932,0.6003,0.0331
ic_fdo_87,0.4898,0.6353,-0.0012
ic_fd2_87,0.4895,0.641,0.0005
ph_px16,0.4859,0.6135,0.0244
seg_fd15,0.482,0.7032,0.006
ph_rel87,0.4817,0.6127,0.0223
ic_dk_chord_par,0.4799,0.4905,0.0104
ic_std,0.4794,0.5646,-0.0037
ic_dk_chord_perp,0.4776,0.5002,0.0138
dk_eqd_wmean,0.4748,0.5419,0.0012
phase_dark_frac,0.4708,0.6127,0.0463
ph_px2_8,0.4706,0.5663,0.0235
ic_dk_area_cv,0.4695,0.4759,0.0507
ic_dk_nchord_perp,0.4676,0.5213,0.0327
ph_deficit2,0.466,0.5857,0.0172
ic_seg_fd87,0.4649,0.6308,-0.0104
ph_px2_20,0.4648,0.6028,0.0176
z_p1,0.4637,0.6055,0.0332
seg_fd12,0.4636,0.6855,-0.0098
ph_px20,0.4599,0.6052,0.0205
ph_px8,0.4599,0.55,0.0275
lv_p25,-0.4593,-0.5907,-0.0093
ph_deficit,0.459,0.5831,0.0174
dk_maj_mean,0.4525,0.4964,-0.0218
z_p2,0.452,0.6271,0.0553
z_p0.5,0.4491,0.5711,0.0073
dk_area_mean,0.4471,0.508,-0.0156
pore-4.0_frac,-0.4467,-0.5359,-0.0082
q_spec_2_4,0.4457,0.454,0.0216
pore-3.0_frac,-0.4417,-0.5409,-0.0052
pore-4.0_n,-0.4416,-0.5345,-0.0078
cal_ic_acg_len50_par,0.4391,0.4079,-0.0035
z_p99,-0.4324,-0.5797,-0.0412
ic_p50,-0.4316,-0.4299,-0.0047
seg_fd20,0.4314,0.6653,-0.0112
q_spec_4_8,0.431,0.4544,0.0011
ic_spec_4_8,0.431,0.4544,0.0011
pore-4.0_area_max,-0.4307,-0.526,-0.0063
dk_solidity,-0.4292,-0.504,-0.0052
ic_fd2_85,0.4292,0.5794,-0.0114
ic_fdo_85,0.4282,0.5703,-0.0143
hp_std,0.4276,0.5143,-0.0004
pore-2.0_frac,-0.427,-0.5488,-0.0386
pore-3.0_n,-0.4266,-0.5433,-0.0068
dk_eqd_mean,0.4205,0.4774,-0.0203
pore-3.0_area_max,-0.4133,-0.516,-0.01
ic_p5,-0.4117,-0.4125,-0.0012
dk_min_mean,0.4106,0.4904,-0.0143
cal_ic_acg_len30_par,0.4104,0.3702,-0.0087
ic_dk_chord_perp_med,0.4103,0.4177,0.0171
pore-4.0_area_mean,-0.4067,-0.5152,-0.0025
pore-2.0_n,-0.4061,-0.557,-0.0409
cal_ic_dk_area_cv,0.4052,0.4452,0.0099
dk_area_cv,0.4041,0.4451,0.0399
ic_dk_nchord_par,0.4023,0.4366,0.028
segdk_maj_mean,0.3999,0.3949,-0.0198
ic_seg_dk_area_mean,0.3983,0.3622,0.0019
glcm8_energy_aniso,0.3935,0.4059,-0.0001
ic_dk_asp_mean,0.3912,0.3473,0.0022
segdk_eqd_wmean,0.3904,0.3804,0.0054
z_p90,-0.3884,-0.5665,0.0112
ic_dk_area_med,0.3872,0.3788,-0.0298
den_std,0.387,0.493,-0.0051
pore-2.0_area_max,-0.3847,-0.5383,-0.0527
ph_px2_26,0.3841,0.5316,-0.0034
ic_dk_asp_wmean,0.3836,0.3293,0.0138
segdk_area_mean,0.3836,0.3755,-0.0139
cal_ic_acg_len50_perp,0.383,0.3743,-0.0036
ph_px26,0.3824,0.5412,0.0016
segdk_eqd_mean,0.3815,0.376,-0.0219
cal_ic_seg_dk_area_mean,0.3807,0.3266,-0.0056
cal_ic_acg_len30_perp,0.3768,0.355,-0.0074
ic_acb_len50_par,0.3761,0.3244,-0.0049
st3_energy,0.376,0.4667,0.008
lv_p50,-0.3745,-0.4753,-0.016
st1_lcoh,0.3741,0.3084,-0.0001
lv_mean_rel,-0.3733,-0.5148,-0.011
pore-3.0_area_mean,-0.3725,-0.4535,-0.0153
ic_acb_ac8_par,0.3696,0.3184,-0.0051
ic_p90,0.3684,0.3819,0.0115
ic_dk_asp_med,0.3615,0.3011,0.0076
st2_lcoh,0.3615,0.3202,0.0084
glcm8_homogeneity_aniso,0.3611,0.3386,0.0003
glcm1_energy,0.3569,0.5122,-0.003
glcm8_energy,0.3562,0.517,-0.0141
ic_acb_len30_par,0.3562,0.2953,-0.0085
ic_seg_nfrac91,0.356,0.5476,0.0076
lv_p5,-0.3543,-0.371,-0.0008
glcm3_energy,0.3501,0.4997,-0.0063
segdk_min_mean,0.3489,0.3505,-0.0229
ic_dk_chord_par_med,0.3483,0.3341,0.0027
ic_acb_ac16_par,0.3459,0.2846,-0.0049
ic_gmm_mu_hi,0.3441,0.5296,0.0126
ic_dk_gap_perp,-0.3435,-0.5254,-0.025
ic_acb_len50_gm,0.3432,0.2866,-0.0073
z_p75,-0.3392,-0.4747,0.0169
z_p25,-0.3392,-0.4747,0.0169
ic_acb_lobe_area,0.3384,0.2817,-0.0027
segdk_area_med,0.336,0.3485,-0.0496
st3_lcoh,0.3352,0.2792,0.0082
ic_seg_nd91,0.3304,0.3854,0.0233
ic_gmm_sd_hi,0.3287,0.2704,-0.0017
glcm3_energy_aniso,0.3229,0.2879,0.0026
ic_acb_len30_gm,0.322,0.2554,-0.0122
dk_asp_mean,0.322,0.2807,-0.0151
z_p5,0.3213,0.5392,0.0514
ic_p2,-0.3198,-0.2848,0.0316
ic_acb_len50_aspect,0.318,0.2905,-0.0027
pore-2.0_area_mean,-0.3174,-0.4458,-0.007
st2_energy,0.3088,0.3828,0.0104
segdk_area_cv,0.3081,0.2447,0.1039
st3_coh,0.3056,0.2441,-0.0009
ic_acb_len30_aspect,0.304,0.277,-0.0065
ic_st_coh,0.304,0.2387,-0.0002
st2_coh,0.2994,0.2315,0.001
raw_std,0.2984,0.4183,0.0282
dk_area_med,0.2971,0.3197,-0.0236
ic_spec_8_16,0.2949,0.3475,0.0069
q_spec_8_16,0.2949,0.3475,0.0069
ic_dk_elong_align,0.2927,0.2503,-0.0093
ac2_aspect,0.2898,0.2079,-0.0014
raw_p5,-0.284,-0.3061,-0.0332
ic_p98,0.2837,0.3247,-0.0427
segdk_n,0.2833,0.3588,0.0155
seg_nd15,0.2833,0.3588,0.0155
glcm8_correlation_aniso,0.2815,0.2349,-0.0089
st1_coh,0.2797,0.2009,0.0012
ic_dk_gap_par,-0.2796,-0.4199,0.0177
st6.0_coh,0.2791,0.3211,0.0029
st6.0_ratio,-0.2791,-0.3211,-0.0029
ic_acg_len30_par,0.2782,0.3242,-0.0139
st2.0_coh,0.2777,0.3229,0.0025
st2.0_ratio,-0.2777,-0.3229,-0.0025
dk_asp_med,0.275,0.237,-0.0014
dk_asp_wmean,0.2738,0.222,-0.0165
seg_nd20,0.2707,0.3735,0.0082
cal_seg_count_density,-0.2683,-0.204,0.0124
ic_acg_len50_par,0.2672,0.3548,-0.0145
cal_ic_st_coh,0.2671,0.2199,-0.0022
seg_L_aniso,0.2647,0.1932,0.0036
cal_seg_area_cv,0.2633,0.2567,0.0309
ic_acg_ac8_par,0.2623,0.3494,-0.0124
seg_asp_mean,0.262,0.2139,-0.0004
seg_matrix_spread,0.2614,0.3262,0.0344
ac50_major,0.26,0.3195,-0.0117
glcm8_contrast,-0.2595,-0.5774,-0.0162
ic_acg_ac16_par,0.2577,0.2652,-0.0188
cal_seg_inv_sqrt_d,-0.2555,-0.1993,0.0115
seg_area_med,0.2553,0.2329,-0.0385
ac50_aspect,0.2541,0.1503,0.0016
ac25_major,0.2535,0.2742,-0.0208
seg_asp_med,0.2529,0.1993,0.0038
q_illum_range,0.2525,0.3953,0.0179
ic_acg_len50_aspect,0.2522,0.1541,0.0
cal_ic_seg_mx_area_mean,0.2497,0.2168,-0.0145
ac2_major,0.2494,0.2701,-0.0188
ic_acg_len30_aspect,0.246,0.115,0.0068
ic_acb_len50_perp,0.2459,0.1947,-0.0018
ac25_aspect,0.2455,0.1245,-0.0024
seg_nd12,0.2425,0.3089,0.0096
st1_energy,0.2382,0.2743,0.0072
seg_elong_align,0.2376,0.2205,-0.0006
segdk_asp_med,0.2371,0.2235,-0.0146
canny2.0_density,0.2369,0.3815,-0.009
glcm1_contrast,-0.2366,-0.5641,-0.0139
glcm8_homogeneity,0.2363,0.414,-0.0154
ic_acb_ac8_perp,0.2344,0.1733,-0.0014
ic_acb_len30_perp,0.23,0.1757,-0.0043
segdk_asp_mean,0.2287,0.2108,-0.0203
seg_asp_wmean,0.2282,0.2352,0.0054
glcm3_contrast,-0.2263,-0.568,-0.0139
cal_ic_seg_L_par,0.2225,0.1943,-0.0265
cal_ic_seg_L_gm,0.2216,0.1905,-0.0153
cal_seg_asp_wmean,0.2207,0.1868,0.0017
segdk_asp_wmean,0.2194,0.2288,-0.0204
cal_seg_elong_align,0.2182,0.182,0.0159
glcm3_homogeneity,0.2174,0.4275,-0.0036
canny1.0_density,0.2153,0.2251,-0.0047
cal_ic_seg_L_perp,0.2149,0.1761,0.0002
dk_elong_align,0.2131,0.1812,-0.0271
cal_seg_ori_R,0.2117,0.1801,0.0118
grad_std,0.2111,0.3505,-0.0091
ws_ecc_mean,0.2091,0.1745,0.0177
fft_3_6,0.2037,0.2256,-0.0491
ic_seg_L_aspect,0.2018,0.1682,-0.0061
ic_pore60_depth,-0.1994,-0.2445,-0.0289
ic_dk_chord_aspect,0.1989,0.173,-0.003
pore50_frac,0.1987,0.2559,0.0084
pore50_area_max,0.197,0.2444,0.0068
ic_acg_len30_gm,0.1956,0.3261,-0.0087
pore50_n_big,0.1955,0.2581,-0.0043
pore50_frac_round,0.1928,0.2485,0.0049
raw_p1,-0.1911,-0.1965,-0.0267
lv_p75,-0.1904,-0.2741,0.0153
pore60_depth,-0.1904,-0.2453,-0.0276
glcm1_homogeneity,0.1899,0.4377,-0.0004
pore50_area_mean,0.1886,0.2279,0.0038
ic_acg_len50_gm,0.1879,0.3466,-0.0078
ic_acg_lobe_area,0.1876,0.3492,-0.0079
seg_Mg,-0.1865,-0.3012,0.0093
raw_mean,-0.1863,-0.22,-0.0175
pore50_eqr_mean,0.1858,0.2214,0.0035
segdk_elong_align,0.1854,0.2151,-0.0376
pore50_depth,-0.1837,-0.2081,-0.001
grad_mean,0.1837,0.1584,0.0019
pore50_n,0.1826,0.2284,0.0085
ac50_gm,0.182,0.319,-0.0068
pore70_area_max,0.1799,0.2516,-0.0035
ic_acb_ac16_perp,0.1797,0.1197,0.0362
pore50_n_round,0.1792,0.2284,0.0041
otsu_dark_frac,0.1786,0.4319,0.0271
ic_bg_range,0.1763,0.3108,0.0235
ac25_gm,0.1754,0.274,-0.022
ic_pore52_frac_round,0.1742,0.2063,-0.0
ic_dk_count_density,0.1738,0.0721,0.0306
ic_dk_n,0.173,0.0701,0.0325
ac2_gm,0.1686,0.2555,-0.0188
glcm1_energy_aniso,0.1683,0.0889,0.0243
segdk_solidity,-0.1662,-0.0868,0.0168
canny3.0_density,0.1656,0.2465,0.0043
ac_aspect,0.1644,0.265,-0.0165
ic_pore52_frac,0.1636,0.2035,-0.0076
ic_pore52_depth,-0.1636,-0.1971,0.0009
dk_n,0.1624,0.1255,0.0226
raw_p50,-0.1623,-0.1963,-0.0199
ic_pore52_n_round,0.1609,0.1778,0.0072
lv_p1,-0.1608,-0.1804,0.0073
pore50_frac_elong,0.1555,0.165,0.049
pore60_area_mean,0.1553,0.1834,0.0358
seg_maj_mean,0.1549,0.196,-0.0132
ic_gmm_mu_lo,-0.1548,-0.1617,0.0722
acp_24,0.1547,0.0869,0.0408
ic_pore52_n,0.1547,0.1783,0.0041
pore60_eqr_mean,0.1538,0.1818,0.0418
ic_spec_16_32,0.1533,0.1734,0.0117
q_spec_16_32,0.1533,0.1734,0.0117
ic_seg_mx_spread,0.1531,0.1358,-0.0063
seg_area_p90,0.1526,0.212,-0.0042
fft_100_128,-0.1518,-0.2308,0.0053
pore50_n_elong,0.1516,0.1603,0.0465
cal_segdk_area_cv,0.1485,0.1017,0.0485
glcm3_homogeneity_aniso,0.1478,0.01,-0.0016
lv_p0.1,-0.1464,-0.238,-0.001
pore70_frac_elong,0.1461,0.1974,0.0123
pore70_frac,0.1443,0.1991,-0.0032
ic_acg_ac16_perp,-0.1441,-0.1451,-0.0532
ic_pore52_area_mean,0.1437,0.1881,-0.0218
seg_area_p10,0.1435,0.1879,-0.0807
seg_solidity,-0.1428,-0.0859,-0.0206
acp_4,0.14,0.3089,-0.0075
ws_n,-0.1396,-0.2832,0.0134
acp_6,0.1392,0.2935,-0.0127
ic_spec_slope,-0.1388,-0.3104,0.0129
q_spec_slope_hi,-0.1388,-0.3104,0.0129
pore60_area_max,0.1384,0.1801,0.0107
ws_d_inv_sqrt,-0.138,-0.2806,0.0139
ws_area_mean,0.138,0.2806,-0.0139
glcm1_contrast_aniso,-0.1376,-0.4968,-0.0088
ic_pore52_eqr_mean,0.137,0.1792,-0.0248
ic_dk_ori_Rel,0.1348,0.152,-0.0268
acp_8,0.1338,0.2628,-0.0146
ic_gmm_sd_lo,-0.1336,-0.1443,-0.0813
pore50_asp_mean,0.1335,0.1051,0.0177
acp_2,0.1329,0.2966,-0.0019
glcm3_correlation_aniso,0.1326,-0.0108,-0.0062
ic_dk_ori_R,0.1299,0.1455,-0.0478
ac_len_major,0.1277,0.3023,-0.0082
seg_ori_Rel,0.1276,0.1552,-0.0272
lbp6,-0.1271,-0.1283,0.0239
pore70_area_mean,0.1267,0.187,-0.0107
ic_gmm_sep,0.1263,0.2233,-0.0417
ic_pore60_area_mean,0.124,0.158,0.0096
ic_pore68_depth,-0.123,-0.1816,-0.0191
acp_12,0.1228,0.1908,-0.0223
segdk_ori_R,0.1201,0.1699,-0.0187
acp_16,0.12,0.1377,-0.0256
z_p10,0.1199,0.3243,0.0517
lbp7,-0.1179,0.0177,0.0226
ic_pore60_eqr_mean,0.1177,0.1519,0.0106
pore60_frac,0.1176,0.1554,0.0127
pore60_frac_round,0.1159,0.1678,0.0192
segdk_ori_Rel,0.1155,0.1572,-0.0233
pore70_n_elong,0.1147,0.1736,0.003
seg_eqd_mean,0.1108,0.1821,-0.0088
ph_excess,-0.1097,-0.1712,0.0161
pore70_frac_round,0.1096,0.148,-0.0103
seg_area_p90_p10,0.1091,0.2294,0.0228
phase_bright_frac,-0.109,-0.1358,-0.0264
pore70_n,0.1089,0.1533,-0.0026
dk_ori_R,0.1082,0.1355,-0.0345
pore60_n_big,0.1068,0.1434,0.0291
ws_ori_R,0.1065,0.0098,0.0095
q_ridge_contrast,0.106,0.1072,-0.0069
ic_pore68_area_mean,0.1035,0.1248,0.0115
pore70_n_big,0.1017,0.1385,0.0111
ic_pore60_frac,0.1003,0.132,0.0044
ic_pore_deficit,0.1003,0.1144,0.016
ic_pore52_n_elong,0.0991,0.0983,0.0013
ic_ridge_snr,0.0965,0.0859,-0.008
q_ridge_snr,0.0965,0.0859,-0.008
ic_pore60_frac_round,0.0958,0.136,0.0075
ic_pore68_frac,0.0952,0.1061,0.0178
dk_ori_Rel,0.0941,0.0727,-0.0372
q_ridge_p99,0.0939,0.0591,-0.004
pore70_n_round,0.0937,0.1141,-0.0058
pore60_n,0.0937,0.126,0.0078
pore60_n_round,0.092,0.1333,0.0145
ic_pore68_eqr_mean,0.0911,0.1119,0.015
ws_area_std,0.0862,0.2269,0.0046
fft_1_3,-0.0854,-0.0012,0.0115
ic_seg_dk_level,0.0852,0.1214,0.0461
pore70_eqr_mean,0.0852,0.1351,-0.016
ic_pore60_n,0.085,0.1089,0.0133
pore70_asp_mean,0.0815,0.1435,-0.0441
ws_area_med,0.0798,0.1835,-0.0254
ic_acg_len50_perp,0.0798,0.2801,-0.0075
cal_ic_pore68_n,0.0796,0.0945,0.0029
cal_ic_pore60_frac,0.0779,0.1027,-0.0003
pore60_asp_mean,0.0768,0.0682,0.0043
ic_pore60_n_round,0.0763,0.1053,0.0132
ac50_minor,0.0756,0.258,-0.0094
ic_acg_len30_perp,0.0751,0.2713,-0.0094
phase_gap,0.0745,0.0518,-0.0297
cal_ic_pore60_n,0.0728,0.0837,0.0165
ic_pore68_frac_round,0.0719,0.0724,0.0095
lbp4,0.0719,-0.1196,-0.0043
fft_64_100,-0.07,-0.2053,-0.0015
seg_D_rel,0.0697,0.0857,0.0474
pore60_frac_elong,0.0696,0.09,-0.0035
ic_seg_mx_area_mean,0.0645,0.185,-0.0035
seg_min_mean,0.0645,0.1514,-0.01
ac_len_gm,0.0625,0.2425,-0.004
ic_pore68_n_round,0.0608,0.0759,0.0179
lbp0,0.0601,0.1556,0.0253
seg_count_density,-0.0589,-0.1738,0.0022
seg_n,-0.0589,-0.1738,0.0022
ic_pore68_n,0.0589,0.0754,0.0103
q_spec_slope_vhi,-0.0586,-0.2255,0.0155
seg_L_max,0.0578,0.1856,0.004
pore60_n_elong,0.0577,0.0911,-0.0118
seg_n_regions,-0.0577,-0.1717,0.0029
seg_area_mean,0.0576,0.1727,-0.0023
seg_inv_sqrt_d,-0.0576,-0.1727,0.0023
ac25_minor,0.0562,0.2212,-0.0148
st2.0_angle_abs,-0.0556,0.0184,-0.0511
ic_seg_L_par,0.0546,0.1828,0.0021
glcm8_contrast_aniso,0.0546,-0.1617,-0.0235
q_spec_32_48,0.0545,-0.0144,0.0147
ic_spec_32_48,0.0545,-0.0144,0.0147
st6.0_angle_abs,-0.0544,0.0161,-0.0509
ic_pore60_n_elong,0.0538,0.0762,-0.0105
fft_25_40,-0.0511,-0.2402,-0.0004
ws_area_cv,-0.0503,0.0466,0.0638
fft_10_16,-0.0479,-0.136,0.0
glcm1_correlation_aniso,0.0449,-0.1376,0.0008
q_spec_48_64,0.0443,-0.0401,0.0126
fft_40_64,-0.0442,-0.2218,0.0021
ic_acg_ac8_perp,0.0436,0.1911,-0.0175
q_noise_spec,-0.0433,0.0332,0.0132
ic_noise,-0.0432,0.0341,0.0125
q_noise,-0.0432,0.0341,0.0125
noise_sigma,-0.0432,0.0343,0.0125
lap_var,-0.0423,0.0272,0.0158
ic_pore68_n_elong,0.0414,0.0351,-0.0023
ic_seg_L_gm,0.0412,0.1702,0.0036
lbp2,-0.041,-0.0986,0.0256
pore70_depth,-0.0407,-0.0695,-0.038
ac2_minor,0.0394,0.1796,-0.0102
fft_16_25,-0.0381,-0.1915,-0.0006
lbp3,-0.0377,-0.2373,0.002
seg_L_inv_sqrt,-0.0376,-0.1668,-0.0003
seg_L_mean,0.0376,0.1668,0.0003
seg_area_cv,0.0349,0.2433,0.0363
seg_area_skew,0.0343,0.1429,0.0336
q_k_cut,0.0343,-0.1041,0.0004
seg_line_frac,-0.0333,-0.1592,-0.0013
glcm3_contrast_aniso,-0.033,-0.337,-0.0135
lbp5,-0.0312,-0.0976,-0.0335
lv_M,0.03,0.0313,-0.0057
q_res_noise,0.0264,-0.0226,0.0363
ic_seg_L_perp,0.0255,0.1527,0.008
glcm3_correlation,0.0236,0.2226,-0.0027
glcm1_correlation,0.0227,0.1992,-0.0049
raw_p95,-0.0217,-0.0016,0.0031
ic_angle_abs,0.0216,-0.0231,0.0132
lbp8,0.0215,0.142,-0.0033
seg_ori_R,0.0208,0.1076,-0.0069
ic_bg_level,-0.0191,-0.0437,-0.0137
seg_L_min,0.0189,0.1409,0.0011
glcm8_correlation,-0.0183,0.1318,-0.0047
raw_p99,-0.0167,0.0101,0.01
seg_eqd_wmean,0.0164,0.1768,0.0038
acp_32,0.0157,-0.1318,0.0778
lv_p99,0.0156,-0.0279,-0.0163
seg_area_wmean,0.0131,0.1776,0.0044
ac_len_minor,-0.0113,0.1328,0.0002
q_spec_64_96,0.0106,-0.0625,0.0021
fft_6_10,0.0089,-0.0755,-0.0193
lbp9,0.0077,0.1253,0.02
lbp1,-0.0065,0.1308,0.0226
glcm1_homogeneity_aniso,-0.0058,-0.2325,0.0117
lv_p95,-0.005,-0.0739,0.0135
fft_centroid,0.0032,-0.1494,-0.003
