ID,hardness
TRAIN_000001,194.807502946304
TRAIN_000002,201.4150700287089
TRAIN_000003,200.07501601324202
TRAIN_000004,186.40697039947491
TRAIN_000005,202.1366091108029
TRAIN_000006,215.6622048245638
TRAIN_000007,191.03649835176748
TRAIN_000008,203.82621407681273
TRAIN_000009,185.8281638733693
TRAIN_000010,207.97532456569436
TRAIN_000011,224.1797610724329
TRAIN_000012,179.98969466506549
TRAIN_000013,186.17867777687158
TRAIN_000014,181.24544694731736
TRAIN_000015,211.97678183619908
TRAIN_000016,203.27216418007623
TRAIN_000017,199.34902587416946
TRAIN_000018,185.0206567510376
TRAIN_000019,178.7623149516232
TRAIN_000020,210.81424590261008
TRAIN_000021,211.819044533448
TRAIN_000022,182.87329906549417
TRAIN_000023,177.422496877385
TRAIN_000024,191.06787524022093
TRAIN_000025,182.5264973525001
TRAIN_000026,190.02128891383325
TRAIN_000027,185.6763812890957
TRAIN_000028,200.50349091665444
TRAIN_000029,205.847595316606
TRAIN_000030,189.38043579295268
TRAIN_000031,190.68032883221252
TRAIN_000032,186.4570182574671
TRAIN_000033,172.70588402609616
TRAIN_000034,189.8968771344954
TRAIN_000035,201.02658483748303
TRAIN_000036,189.6203066341547
TRAIN_000037,182.0805902060706
TRAIN_000038,191.44585576674305
TRAIN_000039,190.6227761628167
TRAIN_000040,187.8693817031197
TRAIN_000041,209.51566136287127
TRAIN_000042,211.3772274005692
TRAIN_000043,188.95880696954703
TRAIN_000044,190.11413572796454
TRAIN_000045,186.2173488193614
TRAIN_000046,185.86974904075203
TRAIN_000047,212.54522804477028
TRAIN_000048,184.9239302464237
TRAIN_000049,205.50537709911367
TRAIN_000050,195.87024429827318
TRAIN_000051,187.71719894473878
TRAIN_000052,199.59514924928502
TRAIN_000053,193.57600828254144
TRAIN_000054,189.852946331257
TRAIN_000055,207.0093095064359
TRAIN_000056,208.13288383262517
TRAIN_000057,190.39002584646914
TRAIN_000058,200.99505747967504
TRAIN_000059,201.9126100169088
TRAIN_000060,183.55239752412342
TRAIN_000061,202.04803900002884
TRAIN_000062,174.71608082653458
TRAIN_000063,177.42482058650762
TRAIN_000064,217.82531048031936
TRAIN_000065,213.49375479991647
TRAIN_000066,191.4674451922305
TRAIN_000067,207.13464815054857
TRAIN_000068,196.13228184914766
TRAIN_000069,174.64627130279933
TRAIN_000070,185.36980427683898
TRAIN_000071,215.69523942125073
TRAIN_000072,183.225212209572
TRAIN_000073,212.98930317605274
TRAIN_000074,201.54926055214344
TRAIN_000075,179.71591950795468
TRAIN_000076,184.3384746383012
TRAIN_000077,180.87724404527086
TRAIN_000078,218.93877414578242
TRAIN_000079,192.68533040766664
TRAIN_000080,198.134789963954
TRAIN_000081,215.9216949039786
TRAIN_000082,197.465981804033
TRAIN_000083,175.84741980982056
TRAIN_000084,206.28501223162425
TRAIN_000085,212.7935353389584
TRAIN_000086,182.50814687277665
TRAIN_000087,214.32306236201404
TRAIN_000088,205.39993151100794
TRAIN_000089,192.7242078324893
TRAIN_000090,200.13246583252226
TRAIN_000091,189.42034404950536
TRAIN_000092,177.9451483652066
TRAIN_000093,172.95461214317902
TRAIN_000094,189.13948241308262
TRAIN_000095,191.02707963245348
TRAIN_000096,207.37295400766845
TRAIN_000097,206.18604565500164
TRAIN_000098,193.24693491113612
TRAIN_000099,191.14406193697644
TRAIN_000100,199.68311300235047
TRAIN_000101,201.23940169875556
TRAIN_000102,208.48647258888877
TRAIN_000103,202.39512624762284
TRAIN_000104,213.21656541385028
TRAIN_000105,216.18335422196964
TRAIN_000106,206.25833478715853
TRAIN_000107,175.51075882800194
TRAIN_000108,186.6678270115866
TRAIN_000109,191.52065639115546
TRAIN_000110,181.33088625779743
TRAIN_000111,172.02387337442653
TRAIN_000112,187.5279735356219
TRAIN_000113,200.05250383789013
TRAIN_000114,213.56571761583723
TRAIN_000115,199.14599556625936
TRAIN_000116,206.86337912346352
TRAIN_000117,187.41241940195656
TRAIN_000118,181.67478477768003
TRAIN_000119,200.84199232317926
TRAIN_000120,191.11746655138717
TRAIN_000121,182.8828332143859
TRAIN_000122,187.73810220630867
TRAIN_000123,195.50477471353096
TRAIN_000124,204.51203994618515
TRAIN_000125,185.2876829993757
TRAIN_000126,180.4219039790231
TRAIN_000127,184.47943411839577
TRAIN_000128,202.32889700147228
TRAIN_000129,180.73881679992905
TRAIN_000130,181.02813867030608
TRAIN_000131,208.60198224808295
TRAIN_000132,189.35286828344834
TRAIN_000133,201.27742952687083
TRAIN_000134,178.41717672985718
TRAIN_000135,199.1592286333614
TRAIN_000136,200.23410936819363
TRAIN_000137,199.17716810785106
TRAIN_000138,184.43274289103033
TRAIN_000139,181.04215702900893
TRAIN_000140,196.21656735995907
TRAIN_000141,176.3113461924362
TRAIN_000142,191.64850962513276
TRAIN_000143,209.79419889447672
TRAIN_000144,187.62735995739473
TRAIN_000145,199.62823587077912
TRAIN_000146,176.26996297242601
TRAIN_000147,220.07015344173763
TRAIN_000148,181.619333070623
TRAIN_000149,193.2229666926711
TRAIN_000150,199.13033052322083
TRAIN_000151,202.2979684387713
TRAIN_000152,214.0231341700939
TRAIN_000153,183.16774722012272
TRAIN_000154,187.2422338828028
TRAIN_000155,199.28352272186908
TRAIN_000156,182.1191716112403
TRAIN_000157,202.87474397419402
TRAIN_000158,176.70940114657162
TRAIN_000159,206.10938780405297
TRAIN_000160,185.91860616529834
TRAIN_000161,190.41538832226416
TRAIN_000162,210.80656611480805
TRAIN_000163,188.2516267651863
TRAIN_000164,182.10215332890382
TRAIN_000165,211.90222484811312
TRAIN_000166,193.79500909715642
TRAIN_000167,189.09854105308534
TRAIN_000168,200.01749074455628
TRAIN_000169,184.68604578072495
TRAIN_000170,199.38229013207487
TRAIN_000171,188.27523380071685
TRAIN_000172,188.88683621432574
TRAIN_000173,185.97288190979145
TRAIN_000174,183.9754312446799
TRAIN_000175,197.46697288009642
TRAIN_000176,195.73251175823208
TRAIN_000177,207.61787267800443
TRAIN_000178,201.72243780685756
TRAIN_000179,203.22007704167652
TRAIN_000180,196.65610712868204
TRAIN_000181,184.36587819037192
TRAIN_000182,177.12094541943137
TRAIN_000183,221.72289486446846
TRAIN_000184,196.68500400719506
TRAIN_000185,197.66283354743328
TRAIN_000186,202.998320370913
TRAIN_000187,224.05284117516055
TRAIN_000188,182.8625495117996
TRAIN_000189,201.66638932283064
TRAIN_000190,205.40570410090766
TRAIN_000191,186.7187308869551
TRAIN_000192,183.51270257979277
TRAIN_000193,183.14472087452515
TRAIN_000194,176.41789370959464
TRAIN_000195,179.87187839155177
TRAIN_000196,206.3958645408743
TRAIN_000197,190.21812511638717
TRAIN_000198,180.70034248637586
TRAIN_000199,208.0074996219671
TRAIN_000200,214.434028257915
TRAIN_000201,180.62826374847475
TRAIN_000202,203.5717013026061
TRAIN_000203,183.2698409666855
TRAIN_000204,197.3372369732606
TRAIN_000205,183.7305517506179
TRAIN_000206,189.55516141993954
TRAIN_000207,197.52354210461291
TRAIN_000208,190.88070653407436
TRAIN_000209,204.37663486755707
TRAIN_000210,198.027565956287
TRAIN_000211,207.95632053493813
TRAIN_000212,195.38590355576827
TRAIN_000213,192.61004349060542
TRAIN_000214,189.03709172035607
TRAIN_000215,185.9213590300344
TRAIN_000216,176.55060934971374
TRAIN_000217,207.42203503047278
TRAIN_000218,194.26224062781756
TRAIN_000219,196.23816114001957
TRAIN_000220,188.13081824354754
TRAIN_000221,193.61467736933594
TRAIN_000222,195.50079396852885
TRAIN_000223,191.55397778420257
TRAIN_000224,196.82159360339108
TRAIN_000225,194.5316750868791
TRAIN_000226,197.6743684438648
TRAIN_000227,210.65683933282253
TRAIN_000228,196.5422995614063
TRAIN_000229,200.79540274349165
TRAIN_000230,185.27554238137827
TRAIN_000231,190.70568706283558
TRAIN_000232,179.5484503446113
TRAIN_000233,203.87549641017813
TRAIN_000234,203.12203937764366
TRAIN_000235,206.31049112781838
TRAIN_000236,205.9141764514589
TRAIN_000237,188.94185348715843
TRAIN_000238,208.33069315974853
TRAIN_000239,212.46045440504844
TRAIN_000240,191.3654769748775
TRAIN_000241,199.10416387842926
TRAIN_000242,176.28855338880862
TRAIN_000243,209.32588833625732
TRAIN_000244,179.95861103881487
TRAIN_000245,192.64349943317606
TRAIN_000246,213.08263058941986
TRAIN_000247,189.62922699573886
TRAIN_000248,215.11920352123062
TRAIN_000249,189.16131228004846
TRAIN_000250,177.92844353763263
TRAIN_000251,190.82807286351886
TRAIN_000252,202.14715970505463
TRAIN_000253,182.41997551115645
TRAIN_000254,187.828089674201
TRAIN_000255,213.05892491345023
TRAIN_000256,199.3029810183948
TRAIN_000257,189.94976573923708
TRAIN_000258,202.11418278210448
TRAIN_000259,174.1462292154818
TRAIN_000260,183.99430555261878
TRAIN_000261,194.1446629224295
TRAIN_000262,203.6354216730191
TRAIN_000263,203.73301624655855
TRAIN_000264,205.4010963716628
TRAIN_000265,178.2602247437185
TRAIN_000266,201.80762584920367
TRAIN_000267,173.8656308989218
TRAIN_000268,176.2620476404797
TRAIN_000269,187.21670299900154
TRAIN_000270,197.45415521773367
TRAIN_000271,189.75498206046223
TRAIN_000272,176.6500273173613
TRAIN_000273,186.3178335107363
TRAIN_000274,211.4073127208556
TRAIN_000275,206.37052690107683
TRAIN_000276,199.4209870101363
TRAIN_000277,181.66836566387684
TRAIN_000278,207.32725790465514
TRAIN_000279,198.3385125837964
TRAIN_000280,189.95408089883847
TRAIN_000281,208.5383447830269
TRAIN_000282,194.65761560695717
TRAIN_000283,201.6657363202466
TRAIN_000284,206.20087349031132
TRAIN_000285,201.43233331753015
TRAIN_000286,179.62938866232253
TRAIN_000287,182.2013976658003
TRAIN_000288,207.92433766806687
TRAIN_000289,193.90476239078396
TRAIN_000290,199.53382496037813
TRAIN_000291,201.23937811147948
TRAIN_000292,218.74390438949314
TRAIN_000293,169.3948313310333
TRAIN_000294,190.12881643410805
TRAIN_000295,196.47871975057552
TRAIN_000296,192.11523799659778
TRAIN_000297,205.2406673797026
TRAIN_000298,187.05899044107792
TRAIN_000299,198.44564034545033
TRAIN_000300,199.57434978772426
TRAIN_000301,189.9452018471548
TRAIN_000302,184.82381247125915
TRAIN_000303,208.60005146130402
TRAIN_000304,193.07472617660176
TRAIN_000305,182.534220546004
TRAIN_000306,216.25713244639562
TRAIN_000307,193.34687175125993
TRAIN_000308,202.904721086724
TRAIN_000309,190.67877846449466
TRAIN_000310,181.75660670634932
TRAIN_000311,192.90413940074257
TRAIN_000312,212.97348652874564
TRAIN_000313,177.6830147000564
TRAIN_000314,204.09477916795765
TRAIN_000315,195.5127589571488
TRAIN_000316,194.49289449956416
TRAIN_000317,179.75114003539795
TRAIN_000318,172.476850402982
TRAIN_000319,191.66265841560596
TRAIN_000320,196.21267439710095
TRAIN_000321,205.88956904417674
TRAIN_000322,191.09606124144221
TRAIN_000323,206.1070544807502
TRAIN_000324,190.4040714714052
TRAIN_000325,184.65875446522932
TRAIN_000326,187.0947721001641
TRAIN_000327,200.03232430181043
TRAIN_000328,190.83830747294624
TRAIN_000329,191.25036469318718
TRAIN_000330,177.73501883933983
TRAIN_000331,207.30838957458752
TRAIN_000332,164.25280577538132
TRAIN_000333,188.88444176203046
TRAIN_000334,205.6798867328244
TRAIN_000335,202.086433993894
TRAIN_000336,178.03814566618706
TRAIN_000337,198.53127967033248
TRAIN_000338,213.70326310106094
TRAIN_000339,191.72500355040268
TRAIN_000340,181.17585146269604
TRAIN_000341,194.26412221319734
TRAIN_000342,168.83678024064523
TRAIN_000343,188.7047614074511
TRAIN_000344,207.54381102472541
TRAIN_000345,197.0232659720755
TRAIN_000346,203.81567021985632
TRAIN_000347,175.93219430596304
TRAIN_000348,184.73596689845104
TRAIN_000349,193.78151582147643
TRAIN_000350,192.4902702533391
TRAIN_000351,197.8529860055712
TRAIN_000352,214.9613138277717
TRAIN_000353,190.75048366702623
TRAIN_000354,191.76087268592218
TRAIN_000355,198.67224004863687
TRAIN_000356,212.12656440181024
TRAIN_000357,194.57498552542233
TRAIN_000358,191.51286740061954
TRAIN_000359,192.4908658903904
TRAIN_000360,198.44189244485796
TRAIN_000361,173.66198879546465
TRAIN_000362,187.3998904592342
TRAIN_000363,195.94193628044565
TRAIN_000364,186.69163311388522
TRAIN_000365,196.5792513111787
TRAIN_000366,193.63086929810666
TRAIN_000367,195.4434350856076
TRAIN_000368,198.71429572181398
TRAIN_000369,195.2045528708648
TRAIN_000370,182.35088143802025
TRAIN_000371,183.71515571462947
TRAIN_000372,192.0200124681341
TRAIN_000373,191.3442449879529
TRAIN_000374,199.08837932120176
TRAIN_000375,183.01026989722914
TRAIN_000376,180.4873118592133
TRAIN_000377,197.93716925693047
TRAIN_000378,190.69271221496047
TRAIN_000379,214.3666206051787
TRAIN_000380,215.49384226737982
TRAIN_000381,197.99173486152597
TRAIN_000382,202.08726970871197
TRAIN_000383,192.8838918863861
TRAIN_000384,201.95054715094585
TRAIN_000385,204.2688870451869
TRAIN_000386,202.21976341256365
TRAIN_000387,176.38037731425175
TRAIN_000388,184.88379785523023
TRAIN_000389,193.51789689469166
TRAIN_000390,196.8723341330848
TRAIN_000391,189.37360482704497
TRAIN_000392,214.16865620968082
TRAIN_000393,221.68338718128766
TRAIN_000394,203.4057272211799
TRAIN_000395,195.2132849531549
TRAIN_000396,193.45678171599283
TRAIN_000397,186.83713779790298
TRAIN_000398,199.29168365850649
TRAIN_000399,198.70698770655235
TRAIN_000400,203.90892314841534
TRAIN_000401,181.9592143236759
TRAIN_000402,186.37039871896064
TRAIN_000403,186.5472759718125
TRAIN_000404,189.39166569428866
TRAIN_000405,185.25010040952452
TRAIN_000406,207.14300917091276
TRAIN_000407,194.8427451298598
TRAIN_000408,195.88401469037638
TRAIN_000409,202.02241195592848
TRAIN_000410,173.01586038469236
TRAIN_000411,171.3814175499513
TRAIN_000412,200.766103242768
TRAIN_000413,183.34654646325234
TRAIN_000414,192.463561373647
TRAIN_000415,194.98056499030724
TRAIN_000416,194.95043678691695
TRAIN_000417,176.95312495952533
TRAIN_000418,186.14831094654764
TRAIN_000419,200.51703074512267
TRAIN_000420,206.7497191500481
TRAIN_000421,203.74475356988623
TRAIN_000422,197.08519485423307
TRAIN_000423,189.8424237656409
TRAIN_000424,200.50825844384133
TRAIN_000425,176.36254963481866
TRAIN_000426,189.26163356635118
TRAIN_000427,196.30247342377086
TRAIN_000428,189.47540140528275
TRAIN_000429,189.47708658070007
TRAIN_000430,184.9918654301639
TRAIN_000431,186.11786201362537
TRAIN_000432,188.51717914647764
TRAIN_000433,186.98780169691832
TRAIN_000434,204.34844623885778
TRAIN_000435,174.00979674246224
TRAIN_000436,207.17879851235386
TRAIN_000437,185.11675860619903
TRAIN_000438,203.61540362269704
TRAIN_000439,207.57890634110225
TRAIN_000440,181.059282093634
TRAIN_000441,180.80523536370595
TRAIN_000442,187.23117451965493
TRAIN_000443,176.71367132685344
TRAIN_000444,190.73130838275614
TRAIN_000445,182.1285233727091
TRAIN_000446,208.68100225962684
TRAIN_000447,183.52441156946492
TRAIN_000448,183.1603645506073
TRAIN_000449,199.067348691635
TRAIN_000450,200.78330661385993
TRAIN_000451,179.57047571821613
TRAIN_000452,183.8834456769256
TRAIN_000453,223.26651737781168
TRAIN_000454,226.37239276825662
TRAIN_000455,189.25893572863515
TRAIN_000456,204.78865736989053
TRAIN_000457,204.91019593835267
TRAIN_000458,220.49537939770667
TRAIN_000459,181.06257997819392
TRAIN_000460,191.3490564146234
TRAIN_000461,179.73112061404152
TRAIN_000462,190.01605869808813
TRAIN_000463,170.79172733038658
TRAIN_000464,191.11109929761398
TRAIN_000465,193.45494163485935
TRAIN_000466,209.50679774173412
TRAIN_000467,191.37536698473514
TRAIN_000468,211.78244094276002
TRAIN_000469,189.34377631228438
TRAIN_000470,206.65827552445802
TRAIN_000471,181.10263319768123
TRAIN_000472,206.46288595639925
TRAIN_000473,191.79137038021025
TRAIN_000474,174.68099870144042
TRAIN_000475,209.83880617515558
TRAIN_000476,189.31907146836363
TRAIN_000477,200.69424545174007
TRAIN_000478,209.04194997273214
TRAIN_000479,192.55722401814006
TRAIN_000480,195.4465717034284
TRAIN_000481,188.8825348694144
TRAIN_000482,174.09753780555002
TRAIN_000483,192.49124426110438
TRAIN_000484,190.42703464480002
TRAIN_000485,194.42300753339876
TRAIN_000486,176.26091057443998
TRAIN_000487,196.7251455286335
TRAIN_000488,183.16491555927627
TRAIN_000489,190.07103011129132
TRAIN_000490,181.15992338037591
TRAIN_000491,196.38523286319275
TRAIN_000492,210.20266361021373
TRAIN_000493,201.82037017662154
TRAIN_000494,183.19115770135068
TRAIN_000495,196.21113672903442
TRAIN_000496,198.52756270362917
TRAIN_000497,205.42508140609425
TRAIN_000498,195.2845578960717
TRAIN_000499,180.86479842555673
TRAIN_000500,194.59591819917455
