ID,fold
TRAIN_000001,1
TRAIN_000002,2
TRAIN_000003,0
TRAIN_000004,4
TRAIN_000005,3
TRAIN_000006,3
TRAIN_000007,1
TRAIN_000008,2
TRAIN_000009,4
TRAIN_000010,0
TRAIN_000011,3
TRAIN_000012,0
TRAIN_000013,0
TRAIN_000014,4
TRAIN_000015,3
TRAIN_000016,4
TRAIN_000017,0
TRAIN_000018,3
TRAIN_000019,0
TRAIN_000020,4
TRAIN_000021,4
TRAIN_000022,4
TRAIN_000023,3
TRAIN_000024,2
TRAIN_000025,2
TRAIN_000026,1
TRAIN_000027,3
TRAIN_000028,3
TRAIN_000029,1
TRAIN_000030,0
TRAIN_000031,3
TRAIN_000032,2
TRAIN_000033,0
TRAIN_000034,4
TRAIN_000035,0
TRAIN_000036,3
TRAIN_000037,1
TRAIN_000038,4
TRAIN_000039,4
TRAIN_000040,3
TRAIN_000041,1
TRAIN_000042,2
TRAIN_000043,0
TRAIN_000044,3
TRAIN_000045,1
TRAIN_000046,3
TRAIN_000047,4
TRAIN_000048,1
TRAIN_000049,0
TRAIN_000050,1
TRAIN_000051,4
TRAIN_000052,2
TRAIN_000053,2
TRAIN_000054,1
TRAIN_000055,1
TRAIN_000056,3
TRAIN_000057,1
TRAIN_000058,2
TRAIN_000059,2
TRAIN_000060,0
TRAIN_000061,0
TRAIN_000062,1
TRAIN_000063,4
TRAIN_000064,1
TRAIN_000065,4
TRAIN_000066,1
TRAIN_000067,2
TRAIN_000068,2
TRAIN_000069,4
TRAIN_000070,1
TRAIN_000071,1
TRAIN_000072,4
TRAIN_000073,1
TRAIN_000074,1
TRAIN_000075,2
TRAIN_000076,0
TRAIN_000077,1
TRAIN_000078,0
TRAIN_000079,0
TRAIN_000080,1
TRAIN_000081,3
TRAIN_000082,3
TRAIN_000083,3
TRAIN_000084,0
TRAIN_000085,2
TRAIN_000086,1
TRAIN_000087,2
TRAIN_000088,3
TRAIN_000089,2
TRAIN_000090,2
TRAIN_000091,2
TRAIN_000092,1
TRAIN_000093,2
TRAIN_000094,1
TRAIN_000095,1
TRAIN_000096,1
TRAIN_000097,4
TRAIN_000098,4
TRAIN_000099,1
TRAIN_000100,0
TRAIN_000101,3
TRAIN_000102,0
TRAIN_000103,1
TRAIN_000104,3
TRAIN_000105,1
TRAIN_000106,3
TRAIN_000107,0
TRAIN_000108,1
TRAIN_000109,2
TRAIN_000110,1
TRAIN_000111,2
TRAIN_000112,3
TRAIN_000113,1
TRAIN_000114,0
TRAIN_000115,1
TRAIN_000116,0
TRAIN_000117,2
TRAIN_000118,2
TRAIN_000119,4
TRAIN_000120,3
TRAIN_000121,4
TRAIN_000122,1
TRAIN_000123,2
TRAIN_000124,3
TRAIN_000125,4
TRAIN_000126,0
TRAIN_000127,1
TRAIN_000128,0
TRAIN_000129,3
TRAIN_000130,0
TRAIN_000131,1
TRAIN_000132,4
TRAIN_000133,0
TRAIN_000134,2
TRAIN_000135,2
TRAIN_000136,1
TRAIN_000137,3
TRAIN_000138,2
TRAIN_000139,2
TRAIN_000140,0
TRAIN_000141,3
TRAIN_000142,2
TRAIN_000143,1
TRAIN_000144,1
TRAIN_000145,3
TRAIN_000146,0
TRAIN_000147,0
TRAIN_000148,1
TRAIN_000149,4
TRAIN_000150,3
TRAIN_000151,4
TRAIN_000152,3
TRAIN_000153,4
TRAIN_000154,0
TRAIN_000155,1
TRAIN_000156,0
TRAIN_000157,2
TRAIN_000158,4
TRAIN_000159,2
TRAIN_000160,1
TRAIN_000161,0
TRAIN_000162,3
TRAIN_000163,3
TRAIN_000164,4
TRAIN_000165,4
TRAIN_000166,3
TRAIN_000167,3
TRAIN_000168,2
TRAIN_000169,4
TRAIN_000170,3
TRAIN_000171,2
TRAIN_000172,3
TRAIN_000173,4
TRAIN_000174,2
TRAIN_000175,1
TRAIN_000176,0
TRAIN_000177,3
TRAIN_000178,0
TRAIN_000179,0
TRAIN_000180,0
TRAIN_000181,3
TRAIN_000182,0
TRAIN_000183,1
TRAIN_000184,3
TRAIN_000185,1
TRAIN_000186,3
TRAIN_000187,3
TRAIN_000188,3
TRAIN_000189,2
TRAIN_000190,4
TRAIN_000191,1
TRAIN_000192,0
TRAIN_000193,3
TRAIN_000194,1
TRAIN_000195,1
TRAIN_000196,4
TRAIN_000197,4
TRAIN_000198,0
TRAIN_000199,2
TRAIN_000200,2
TRAIN_000201,0
TRAIN_000202,4
TRAIN_000203,4
TRAIN_000204,1
TRAIN_000205,4
TRAIN_000206,0
TRAIN_000207,0
TRAIN_000208,2
TRAIN_000209,4
TRAIN_000210,0
TRAIN_000211,2
TRAIN_000212,2
TRAIN_000213,0
TRAIN_000214,2
TRAIN_000215,4
TRAIN_000216,2
TRAIN_000217,1
TRAIN_000218,1
TRAIN_000219,3
TRAIN_000220,1
TRAIN_000221,1
TRAIN_000222,0
TRAIN_000223,4
TRAIN_000224,2
TRAIN_000225,0
TRAIN_000226,4
TRAIN_000227,0
TRAIN_000228,4
TRAIN_000229,4
TRAIN_000230,1
TRAIN_000231,4
TRAIN_000232,3
TRAIN_000233,1
TRAIN_000234,2
TRAIN_000235,0
TRAIN_000236,1
TRAIN_000237,0
TRAIN_000238,0
TRAIN_000239,1
TRAIN_000240,4
TRAIN_000241,3
TRAIN_000242,1
TRAIN_000243,0
TRAIN_000244,4
TRAIN_000245,0
TRAIN_000246,3
TRAIN_000247,1
TRAIN_000248,2
TRAIN_000249,3
TRAIN_000250,4
TRAIN_000251,3
TRAIN_000252,4
TRAIN_000253,2
TRAIN_000254,3
TRAIN_000255,4
TRAIN_000256,4
TRAIN_000257,2
TRAIN_000258,3
TRAIN_000259,2
TRAIN_000260,2
TRAIN_000261,0
TRAIN_000262,4
TRAIN_000263,3
TRAIN_000264,4
TRAIN_000265,0
TRAIN_000266,0
TRAIN_000267,2
TRAIN_000268,2
TRAIN_000269,2
TRAIN_000270,0
TRAIN_000271,4
TRAIN_000272,0
TRAIN_000273,1
TRAIN_000274,3
TRAIN_000275,3
TRAIN_000276,2
TRAIN_000277,3
TRAIN_000278,1
TRAIN_000279,3
TRAIN_000280,4
TRAIN_000281,1
TRAIN_000282,1
TRAIN_000283,0
TRAIN_000284,3
TRAIN_000285,4
TRAIN_000286,2
TRAIN_000287,1
TRAIN_000288,3
TRAIN_000289,2
TRAIN_000290,3
TRAIN_000291,2
TRAIN_000292,4
TRAIN_000293,0
TRAIN_000294,1
TRAIN_000295,2
TRAIN_000296,4
TRAIN_000297,0
TRAIN_000298,2
TRAIN_000299,1
TRAIN_000300,4
TRAIN_000301,3
TRAIN_000302,3
TRAIN_000303,1
TRAIN_000304,0
TRAIN_000305,3
TRAIN_000306,1
TRAIN_000307,2
TRAIN_000308,1
TRAIN_000309,1
TRAIN_000310,1
TRAIN_000311,3
TRAIN_000312,3
TRAIN_000313,1
TRAIN_000314,0
TRAIN_000315,0
TRAIN_000316,0
TRAIN_000317,2
TRAIN_000318,2
TRAIN_000319,3
TRAIN_000320,0
TRAIN_000321,0
TRAIN_000322,4
TRAIN_000323,2
TRAIN_000324,3
TRAIN_000325,4
TRAIN_000326,0
TRAIN_000327,0
TRAIN_000328,4
TRAIN_000329,2
TRAIN_000330,4
TRAIN_000331,3
TRAIN_000332,1
TRAIN_000333,4
TRAIN_000334,3
TRAIN_000335,3
TRAIN_000336,2
TRAIN_000337,4
TRAIN_000338,0
TRAIN_000339,4
TRAIN_000340,2
TRAIN_000341,4
TRAIN_000342,1
TRAIN_000343,0
TRAIN_000344,3
TRAIN_000345,1
TRAIN_000346,0
TRAIN_000347,1
TRAIN_000348,2
TRAIN_000349,2
TRAIN_000350,4
TRAIN_000351,2
TRAIN_000352,2
TRAIN_000353,2
TRAIN_000354,0
TRAIN_000355,4
TRAIN_000356,3
TRAIN_000357,4
TRAIN_000358,2
TRAIN_000359,1
TRAIN_000360,2
TRAIN_000361,1
TRAIN_000362,4
TRAIN_000363,0
TRAIN_000364,4
TRAIN_000365,4
TRAIN_000366,2
TRAIN_000367,3
TRAIN_000368,3
TRAIN_000369,3
TRAIN_000370,0
TRAIN_000371,2
TRAIN_000372,1
TRAIN_000373,4
TRAIN_000374,3
TRAIN_000375,3
TRAIN_000376,4
TRAIN_000377,2
TRAIN_000378,4
TRAIN_000379,2
TRAIN_000380,4
TRAIN_000381,4
TRAIN_000382,2
TRAIN_000383,4
TRAIN_000384,4
TRAIN_000385,0
TRAIN_000386,3
TRAIN_000387,4
TRAIN_000388,0
TRAIN_000389,0
TRAIN_000390,0
TRAIN_000391,3
TRAIN_000392,3
TRAIN_000393,1
TRAIN_000394,1
TRAIN_000395,2
TRAIN_000396,1
TRAIN_000397,3
TRAIN_000398,4
TRAIN_000399,3
TRAIN_000400,1
TRAIN_000401,0
TRAIN_000402,0
TRAIN_000403,4
TRAIN_000404,4
TRAIN_000405,0
TRAIN_000406,2
TRAIN_000407,4
TRAIN_000408,2
TRAIN_000409,2
TRAIN_000410,0
TRAIN_000411,3
TRAIN_000412,1
TRAIN_000413,0
TRAIN_000414,0
TRAIN_000415,0
TRAIN_000416,1
TRAIN_000417,4
TRAIN_000418,3
TRAIN_000419,2
TRAIN_000420,2
TRAIN_000421,2
TRAIN_000422,2
TRAIN_000423,1
TRAIN_000424,0
TRAIN_000425,3
TRAIN_000426,4
TRAIN_000427,3
TRAIN_000428,2
TRAIN_000429,4
TRAIN_000430,2
TRAIN_000431,1
TRAIN_000432,4
TRAIN_000433,1
TRAIN_000434,1
TRAIN_000435,0
TRAIN_000436,0
TRAIN_000437,0
TRAIN_000438,0
TRAIN_000439,0
TRAIN_000440,0
TRAIN_000441,3
TRAIN_000442,4
TRAIN_000443,3
TRAIN_000444,1
TRAIN_000445,4
TRAIN_000446,2
TRAIN_000447,1
TRAIN_000448,4
TRAIN_000449,1
TRAIN_000450,2
TRAIN_000451,4
TRAIN_000452,4
TRAIN_000453,4
TRAIN_000454,1
TRAIN_000455,3
TRAIN_000456,4
TRAIN_000457,0
TRAIN_000458,3
TRAIN_000459,1
TRAIN_000460,2
TRAIN_000461,1
TRAIN_000462,0
TRAIN_000463,0
TRAIN_000464,3
TRAIN_000465,2
TRAIN_000466,2
TRAIN_000467,4
TRAIN_000468,1
TRAIN_000469,2
TRAIN_000470,4
TRAIN_000471,3
TRAIN_000472,3
TRAIN_000473,3
TRAIN_000474,4
TRAIN_000475,3
TRAIN_000476,2
TRAIN_000477,3
TRAIN_000478,0
TRAIN_000479,3
TRAIN_000480,1
TRAIN_000481,2
TRAIN_000482,3
TRAIN_000483,1
TRAIN_000484,3
TRAIN_000485,1
TRAIN_000486,2
TRAIN_000487,2
TRAIN_000488,4
TRAIN_000489,3
TRAIN_000490,4
TRAIN_000491,2
TRAIN_000492,2
TRAIN_000493,3
TRAIN_000494,1
TRAIN_000495,0
TRAIN_000496,0
TRAIN_000497,4
TRAIN_000498,0
TRAIN_000499,2
TRAIN_000500,0
