,importance
ic_bg_range,0.0
ic_bg_level,0.0
ic_pore68_frac,0.0
ic_pore68_n,0.0
ic_pore68_n_round,0.0
ic_pore68_n_elong,0.0
ic_pore68_frac_round,0.0
ic_pore68_area_mean,0.0
ic_pore68_eqr_mean,0.0
ic_pore68_depth,0.0
ic_pore60_frac,0.0
ic_pore60_n,0.0
ic_pore60_n_round,0.0
ic_pore60_n_elong,0.0
ic_pore60_frac_round,0.0
ic_pore60_area_mean,0.0
ic_pore60_eqr_mean,0.0
ic_pore60_depth,0.0
ic_pore52_frac,0.0
ic_pore52_n,0.0
ic_pore52_n_round,0.0
ic_pore52_n_elong,0.0
ic_pore52_frac_round,0.0
ic_pore52_area_mean,0.0
ic_pore52_eqr_mean,0.0
ic_pore52_depth,0.0
ic_pore_deficit,0.0
ic_fd2_95,0.0
ic_fdo_95,0.0
ic_fd2_93,0.0
ic_fdo_93,0.0
ic_fd2_91,0.0
ic_fdo_91,0.0
ic_fd2_89,0.0
ic_fdo_89,0.0
ic_fd2_87,0.0
ic_fdo_87,0.0
ic_fd2_85,0.0
ic_fdo_85,0.0
ic_fd1_92,0.0
ic_fd1_89,0.0
ic_fd_soft,0.0
ic_deficit,0.0
ic_std,0.0
ic_p2,0.0
ic_p5,0.0
ic_p10,0.0
ic_p20,0.0
ic_p30,0.0
ic_p50,0.0
ic_p90,0.0
ic_p98,0.0
ic_gmm_w,0.0
ic_gmm_mu_lo,0.0
ic_gmm_mu_hi,0.0
ic_gmm_sd_lo,0.0
ic_gmm_sd_hi,0.0
ic_gmm_sep,0.0
ic_st_coh,0.0
ic_angle_abs,0.0
ic_dk_chord_par,0.0
ic_dk_chord_par_med,0.0
ic_dk_gap_par,0.0
ic_dk_nchord_par,0.0
ic_dk_chord_perp,0.0
ic_dk_chord_perp_med,0.0
ic_dk_gap_perp,0.0
ic_dk_nchord_perp,0.0
ic_dk_chord_aspect,0.0
ic_dk_n,0.0
ic_dk_area_mean,0.0
ic_dk_area_med,0.0
ic_dk_area_cv,0.0
ic_dk_eqd_mean,0.0
ic_dk_eqd_wmean,0.0
ic_dk_maj_mean,0.0
ic_dk_min_mean,0.0
ic_dk_asp_mean,0.0
ic_dk_asp_wmean,0.0
ic_dk_asp_med,0.0
ic_dk_ori_R,0.0
ic_dk_ori_Rel,0.0
ic_dk_elong_align,0.0
ic_dk_solidity,0.0
ic_dk_maj_wmean,0.0
ic_dk_min_wmean,0.0
ic_dk_count_density,0.0
ic_acg_len50_par,0.0
ic_acg_len30_par,0.0
ic_acg_ac8_par,0.0
ic_acg_ac16_par,0.0
ic_acg_len50_perp,0.0
ic_acg_len30_perp,0.0
ic_acg_ac8_perp,0.0
ic_acg_ac16_perp,0.0
ic_acg_len50_aspect,0.0
ic_acg_len50_gm,0.0
ic_acg_len30_aspect,0.0
ic_acg_len30_gm,0.0
ic_acg_lobe_area,0.0
ic_acb_len50_par,0.0
ic_acb_len30_par,0.0
ic_acb_ac8_par,0.0
ic_acb_ac16_par,0.0
ic_acb_len50_perp,0.0
ic_acb_len30_perp,0.0
ic_acb_ac8_perp,0.0
ic_acb_ac16_perp,0.0
ic_acb_len50_aspect,0.0
ic_acb_len50_gm,0.0
ic_acb_len30_aspect,0.0
ic_acb_len30_gm,0.0
ic_acb_lobe_area,0.0
ic_ridge_snr,0.0
ic_seg_fd93,0.0
ic_seg_fd91,0.0
ic_seg_fd89,0.0
ic_seg_fd87,0.0
ic_seg_nd91,0.0
ic_seg_nfrac91,0.0
ic_seg_dk_area_mean,0.0
ic_seg_mx_area_mean,0.0
ic_seg_dk_level,0.0
ic_seg_mx_spread,0.0
ic_seg_L_par,0.0
ic_seg_L_perp,0.0
ic_seg_L_aspect,0.0
ic_seg_L_gm,0.0
q_noise,0.0
q_noise_spec,0.0
q_spec_2_4,0.0
q_spec_4_8,0.0
q_spec_8_16,0.0
q_spec_16_32,0.0
q_spec_32_48,0.0
q_spec_48_64,0.0
q_spec_64_96,0.0
q_spec_slope_hi,0.0
q_spec_slope_vhi,0.0
q_k_cut,0.0
q_res_noise,0.0
lv_M,0.0
lv_p0.1,0.0
lv_p1,0.0
lv_p5,0.0
lv_p25,0.0
lv_p50,0.0
lv_p75,0.0
lv_p95,0.0
lv_p99,0.0
lv_mean_rel,0.0
q_illum_range,0.0
pore70_frac,0.0
pore70_n,0.0
pore70_n_big,0.0
pore70_n_round,0.0
pore70_n_elong,0.0
pore70_frac_round,0.0
pore70_frac_elong,0.0
pore70_area_mean,0.0
pore70_area_max,0.0
pore70_eqr_mean,0.0
pore70_asp_mean,0.0
pore70_depth,0.0
pore60_frac,0.0
pore60_n,0.0
pore60_n_big,0.0
pore60_n_round,0.0
pore60_n_elong,0.0
pore60_frac_round,0.0
pore60_frac_elong,0.0
pore60_area_mean,0.0
pore60_area_max,0.0
pore60_eqr_mean,0.0
pore60_asp_mean,0.0
pore60_depth,0.0
pore50_frac,0.0
pore50_n,0.0
pore50_n_big,0.0
pore50_n_round,0.0
pore50_n_elong,0.0
pore50_frac_round,0.0
pore50_frac_elong,0.0
pore50_area_mean,0.0
pore50_area_max,0.0
pore50_eqr_mean,0.0
pore50_asp_mean,0.0
pore50_depth,0.0
ph_px8,0.0
ph_px2_8,0.0
ph_px12,0.0
ph_px2_12,0.0
ph_px16,0.0
ph_px2_16,0.0
ph_px20,0.0
ph_px2_20,0.0
ph_px26,0.0
ph_px2_26,0.0
ph_rel92,0.0
ph_rel90,0.0
ph_rel87,0.0
ph_deficit,0.0
ph_deficit2,0.0
ph_excess,0.0
dk_n,0.0
dk_area_mean,0.0
dk_area_med,0.0
dk_area_cv,0.0
dk_eqd_mean,0.0
dk_eqd_wmean,0.0
dk_maj_mean,0.0
dk_min_mean,0.0
dk_asp_mean,0.0
dk_asp_wmean,0.0
dk_asp_med,0.0
dk_ori_R,0.0
dk_ori_Rel,0.0
dk_elong_align,0.0
dk_solidity,0.0
dk_frac,0.0
q_ridge_contrast,0.0
q_ridge_snr,0.0
q_ridge_p99,0.0
seg_n_regions,0.0
seg_Mg,0.0
seg_fd12,0.0
seg_nd12,0.0
seg_fd15,0.0
seg_nd15,0.0
seg_fd20,0.0
seg_nd20,0.0
seg_D_rel,0.0
seg_matrix_spread,0.0
seg_n,0.0
seg_area_mean,0.0
seg_area_med,0.0
seg_area_cv,0.0
seg_eqd_mean,0.0
seg_eqd_wmean,0.0
seg_maj_mean,0.0
seg_min_mean,0.0
seg_asp_mean,0.0
seg_asp_wmean,0.0
seg_asp_med,0.0
seg_ori_R,0.0
seg_ori_Rel,0.0
seg_elong_align,0.0
seg_solidity,0.0
seg_inv_sqrt_d,0.0
seg_count_density,0.0
seg_area_p10,0.0
seg_area_p90,0.0
seg_area_p90_p10,0.0
seg_area_wmean,0.0
seg_area_skew,0.0
segdk_n,0.0
segdk_area_mean,0.0
segdk_area_med,0.0
segdk_area_cv,0.0
segdk_eqd_mean,0.0
segdk_eqd_wmean,0.0
segdk_maj_mean,0.0
segdk_min_mean,0.0
segdk_asp_mean,0.0
segdk_asp_wmean,0.0
segdk_asp_med,0.0
segdk_ori_R,0.0
segdk_ori_Rel,0.0
segdk_elong_align,0.0
segdk_solidity,0.0
seg_L_mean,0.0
seg_L_max,0.0
seg_L_min,0.0
seg_L_aniso,0.0
seg_L_inv_sqrt,0.0
seg_line_frac,0.0
ac50_major,0.0
ac50_minor,0.0
ac50_aspect,0.0
ac50_gm,0.0
ac25_major,0.0
ac25_minor,0.0
ac25_aspect,0.0
ac25_gm,0.0
acp_2,0.0
acp_4,0.0
acp_6,0.0
acp_8,0.0
acp_12,0.0
acp_16,0.0
acp_24,0.0
acp_32,0.0
hp_std,0.0
ac2_major,0.0
ac2_minor,0.0
ac2_aspect,0.0
ac2_gm,0.0
st1_coh,0.0
st1_lcoh,0.0
st1_energy,0.0
st2_coh,0.0
st2_lcoh,0.0
st2_energy,0.0
st3_coh,0.0
st3_lcoh,0.0
st3_energy,0.0
