key,ic_seg_fd93,ic_fdo_93,ic_gmm_w,ic_acg_len50_perp,ic_seg_nfrac91,version
main:TRAIN_000006:20.985140,0.15393456591958465,0.3639203197011223,0.451553076505661,7.5,0.41798941798941797,deg
main:TRAIN_000006:19.822108,0.17800494761350408,0.3934897153478655,0.43747493624687195,7.5,0.5531914893617021,deg
main:TRAIN_000011:17.782586,0.19455599455923311,0.2881475115243378,0.25954732298851013,8.0,0.6,deg
main:TRAIN_000011:19.093974,0.12050151643060376,0.270596433435748,0.255764901638031,10.0,0.5714285714285714,deg
main:TRAIN_000011:19.458812,0.20132636989140346,0.3072856303681712,0.25345510244369507,8.5,0.46875,deg
main:TRAIN_000080:16.244547,0.08374652189376347,0.11037709881640517,0.06864451617002487,6.5,0.037037037037037035,deg
main:TRAIN_000142:17.452770,0.018862770931409565,0.14864280641077107,0.1225864365696907,7.5,0.26666666666666666,deg
main:TRAIN_000337:14.627076,0.08201001685299912,0.15602836879432624,0.06855349987745285,3.0,0.0970873786407767,deg
main:TRAIN_000337:19.126349,0.052764049057294524,0.11615172222307918,0.07351475954055786,4.0,0.06875,deg
main:TRAIN_000417:19.553461,0.001872860410494159,0.010353551127490786,0.008408065885305405,8.5,0.6666666666666666,deg
main:TRAIN_000420:20.197856,0.1520591535306344,0.21494795430434047,0.2549239993095398,10.0,0.3,deg
main:TRAIN_000006:12.861915,0.21822128335820462,0.4061660758405844,0.40700986981391907,5.0,0.4492753623188406,deg
main:TRAIN_000011:17.429886,0.02136241641973968,0.21451023972059058,0.1994638890028,8.5,0.14285714285714285,deg
main:TRAIN_000026:18.642334,0.03700542366853383,0.0614696584162233,0.07243330776691437,7.0,0.03,deg
main:TRAIN_000080:20.312200,0.059337856915160074,0.09014325683795313,0.012542665004730225,7.0,0.011527377521613832,deg
main:TRAIN_000152:17.716896,0.1331547064305685,0.2958379673867072,0.22155554592609406,5.0,0.40540540540540543,deg
main:TRAIN_000245:18.565306,0.09654442371178412,0.14202557560386841,0.15260441601276398,7.0,0.2,deg
main:TRAIN_000245:14.528073,0.11676000870752608,0.19012088434019211,0.1501350849866867,5.5,0.11594202898550725,deg
main:TRAIN_000304:14.279672,0.04562548665529067,0.22672834421139346,0.18945220112800598,5.5,0.4634146341463415,deg
main:TRAIN_000304:19.471671,0.0004914155840167081,0.1528128677912907,0.06286279857158661,8.0,0.5,deg
main:TRAIN_000337:14.878885,0.002264704963608534,0.041932529147842824,0.009016240946948528,5.5,0.1875,deg
main:TRAIN_000337:14.984309,0.0019930475086906143,0.029557188089778984,0.014211265370249748,5.5,0.3,deg
main:TRAIN_000417:13.936304,0.0007625628336212397,0.04589417788735065,0.004785020370036364,6.5,0.14285714285714285,deg
main:TRAIN_000417:17.346966,0.001336077154616377,0.0025477707006369425,0.0019459043396636844,7.0,0.75,deg
main:TRAIN_000420:14.623520,0.15259014998404424,0.22334134171132877,0.24576479196548462,8.0,0.3132530120481928,deg
main:TRAIN_000420:17.120466,0.11387652409521966,0.15382840618943613,0.1555202603340149,8.0,0.10270270270270271,deg
hn:TRAIN_000006:14.042686,0.22017000940144155,0.3976240931800956,0.4127700924873352,5.0,0.4025974025974026,deg
hn:TRAIN_000006:16.761196,0.1956395185066947,0.43820611523174663,0.4116251468658447,6.0,0.56,deg
hn:TRAIN_000006:13.777418,0.2177730605943651,0.328254571651926,0.44824469089508057,5.5,0.3684210526315789,deg
hn:TRAIN_000006:17.903086,0.03125357943481747,0.3181405930548937,0.4114534854888916,7.0,0.4857142857142857,deg
hn:TRAIN_000006:13.101672,0.22851347093114857,0.4089458339726868,0.4113917946815491,5.0,0.4066666666666667,deg
hn:TRAIN_000011:17.833356,0.16964811953422432,0.27632683518328516,0.2831805646419525,8.5,0.5454545454545454,deg
hn:TRAIN_000011:16.408718,0.0280282757660598,0.25125300322996386,0.23998737335205078,9.5,0.6,deg
hn:TRAIN_000011:19.699922,0.1624284806102988,0.31514396072819045,0.2989490330219269,9.0,0.6153846153846154,deg
hn:TRAIN_000011:19.988543,0.02771273048710513,0.25721638839023303,0.23575720191001892,10.0,0.4,deg
hn:TRAIN_000011:14.302943,0.19473915806972084,0.31856236918559244,0.2789119780063629,7.5,0.5789473684210527,deg
hn:TRAIN_000026:16.280679,0.08314038777638347,0.15815374172747326,0.1446659415960312,6.0,0.2972972972972973,deg
hn:TRAIN_000026:16.754664,0.04518849922227033,0.12458384710234278,0.11909932643175125,7.5,0.36666666666666664,deg
hn:TRAIN_000026:14.638376,0.06178959491262331,0.13181811191929754,0.13937269151210785,6.5,0.4166666666666667,deg
hn:TRAIN_000026:12.176095,0.08835545437915404,0.1762386342549638,0.13109499216079712,5.0,0.16184971098265896,deg
hn:TRAIN_000026:14.398497,0.07138734894457949,0.15604864255141618,0.1336590051651001,6.5,0.2676056338028169,deg
hn:TRAIN_000026:15.281352,0.05783885885494692,0.1461024978466839,0.16208049654960632,7.0,0.4634146341463415,deg
hn:TRAIN_000080:16.752355,0.19788463903578896,0.3219885277246654,0.3162210285663605,6.0,0.30434782608695654,deg
hn:TRAIN_000080:18.357169,0.18450573036893048,0.3143189933945348,0.27991700172424316,6.0,0.28426395939086296,deg
hn:TRAIN_000080:16.324558,0.13391048806639927,0.25032129742962056,0.28788459300994873,7.0,0.24725274725274726,deg
hn:TRAIN_000142:19.576889,0.024231749234741865,0.10469269614484543,0.08878135681152344,8.0,0.13043478260869565,deg
hn:TRAIN_000142:16.246233,0.02865088367668045,0.08856717380290771,0.07851853221654892,7.0,0.05128205128205128,deg
hn:TRAIN_000142:16.471949,0.06963393107544089,0.2305356755584472,0.22634032368659973,8.0,0.6097560975609756,deg
hn:TRAIN_000142:12.582066,0.1051069984793977,0.28497482031213456,0.25373581051826477,6.0,0.421875,deg
hn:TRAIN_000152:15.501037,0.23480662983425415,0.3667908674118711,0.42660123109817505,6.0,0.48672566371681414,deg
hn:TRAIN_000152:19.396687,0.20771047872144097,0.3964686261609315,0.4187023639678955,7.0,0.5229357798165137,deg
hn:TRAIN_000152:15.976716,0.2607641652796874,0.37254204248340733,0.3828883469104767,5.5,0.43023255813953487,deg
hn:TRAIN_000152:18.643530,0.006441073512252042,0.231733719608118,0.21360184252262115,6.5,0.4,deg
hn:TRAIN_000245:14.721869,0.10648561390181369,0.1631988392553947,0.1403752714395523,5.5,0.1346153846153846,deg
hn:TRAIN_000245:18.596190,0.020060684872128306,0.0647430419921875,0.0,9.0,0.11594202898550725,deg
hn:TRAIN_000245:16.169439,0.10526901876357157,0.184356689453125,0.15912431478500366,7.0,0.14893617021276595,deg
hn:TRAIN_000245:15.527888,0.10563341777688677,0.19357553868756122,0.16122321784496307,7.0,0.189873417721519,deg
hn:TRAIN_000304:20.183808,0.0005979577443194014,0.025818521983161834,0.016625816002488136,7.5,0.6666666666666666,deg
hn:TRAIN_000304:18.664347,0.008532993711693066,0.0681453559913397,0.01997440867125988,6.5,0.23333333333333334,deg
hn:TRAIN_000304:13.288311,0.09666299193308485,0.25661078330367454,0.2891245484352112,5.5,0.5060240963855421,deg
hn:TRAIN_000304:14.904989,0.11982443306510607,0.3039587681021944,0.2785356044769287,5.0,0.4915254237288136,deg
hn:TRAIN_000304:16.703429,0.017011197243755383,0.15217492947648956,0.06808846443891525,6.0,0.3181818181818182,deg
hn:TRAIN_000337:20.982486,0.0019678986532193593,0.02285306748941844,0.026313982903957367,6.0,0.375,deg
hn:TRAIN_000337:20.525086,0.0018869433117454225,0.01750142507202391,0.028477489948272705,4.5,0.10344827586206896,deg
hn:TRAIN_000337:19.677001,0.0023183332565673313,0.04535196463350542,0.04472219944000244,7.0,0.7142857142857143,deg
hn:TRAIN_000337:16.019492,0.0024907375696628163,0.1160072652609966,0.028869841247797012,6.0,0.2857142857142857,deg
hn:TRAIN_000417:20.910865,0.0,0.015321516122949274,0.003394882194697857,9.5,0.0,deg
hn:TRAIN_000417:12.969248,0.0008905512512245079,0.03554449797160243,0.00333798467181623,4.5,0.0,deg
hn:TRAIN_000417:15.459680,0.002165798811114695,0.0064828298961807675,0.004273523110896349,7.0,0.8333333333333334,deg
hn:TRAIN_000417:15.191416,0.0,0.006080035374751271,0.0009214687161147594,5.5,0.0,deg
hn:TRAIN_000417:13.101138,0.0016895264718079469,0.001684641423285838,0.0025172471068799496,6.0,0.8,deg
hn:TRAIN_000417:18.513082,0.0017937357229368207,0.00786570892222722,0.024413447827100754,5.5,0.8,deg
hn:TRAIN_000420:18.665227,0.07623670237030819,0.12404162946084922,0.15602266788482666,10.0,0.050505050505050504,deg
hn:TRAIN_000420:20.816163,0.04833626438682941,0.05773771858071088,0.03242138400673866,11.0,0.0,deg
hn:TRAIN_000420:18.975794,0.17219317441491405,0.26344816931870846,0.2519975006580353,8.5,0.5428571428571428,deg
hn:TRAIN_000420:19.551895,0.050819096411676,0.058028898792542444,0.011944591999053955,10.0,0.0,deg
hn:TRAIN_000420:19.466890,0.15932921091544563,0.25421710963711985,0.24950066208839417,9.0,0.4878048780487805,deg
hn:TRAIN_000006:15.693489,0.016151823858034833,0.23045122567408247,0.23901332914829254,6.0,0.22580645161290322,deg
hn:TRAIN_000006:20.351807,0.07897646501342599,0.3173293668440342,0.31903213262557983,8.5,0.5125,deg
hn:TRAIN_000006:14.816491,0.1342999762300927,0.330162265843736,0.43630465865135193,6.0,0.5128205128205128,deg
hn:TRAIN_000006:15.493751,0.19180205522705093,0.35008203130989435,0.42147108912467957,6.0,0.42028985507246375,deg
hn:TRAIN_000006:18.881597,0.02864907340711152,0.16976719301731913,0.05711347237229347,7.0,0.375,deg
hn:TRAIN_000011:13.973990,0.19222743033260561,0.279205322265625,0.33687624335289,7.5,0.5714285714285714,deg
hn:TRAIN_000011:18.874419,0.02741611257151693,0.2801599821533853,0.25198304653167725,10.5,0.6,deg
hn:TRAIN_000011:19.903306,0.1844857313201953,0.3043250452510241,0.26934823393821716,10.5,0.55,deg
hn:TRAIN_000011:14.386281,0.18664955070603337,0.2938879807005571,0.2619119882583618,9.5,0.6153846153846154,deg
hn:TRAIN_000026:18.714808,0.07364445643377394,0.13738832569550524,0.12044022232294083,6.0,0.20689655172413793,deg
hn:TRAIN_000026:20.533480,0.053105691682867204,0.08358369098712447,0.1541920006275177,7.0,0.050314465408805034,deg
hn:TRAIN_000026:17.234135,0.06572978303747534,0.16276015512739297,0.1426493376493454,7.0,0.425,deg
hn:TRAIN_000026:19.426155,0.0703593643293527,0.14560409882868564,0.1364716738462448,6.0,0.17543859649122806,deg
hn:TRAIN_000080:19.309472,0.1254704904564474,0.2304199599455749,0.2785423696041107,7.5,0.2653061224489796,deg
hn:TRAIN_000080:12.958105,0.18976647638816813,0.24308242960062407,0.28060826659202576,6.0,0.21634615384615385,deg
hn:TRAIN_000080:19.991242,0.08248110271231658,0.0958709716796875,0.07692134380340576,7.5,0.01892744479495268,deg
hn:TRAIN_000080:16.357493,0.1484480947378474,0.2652526398062865,0.30138063430786133,7.0,0.33774834437086093,deg
hn:TRAIN_000142:18.342945,0.0015274387843476891,0.06449135096936738,0.05393429473042488,8.0,0.10526315789473684,deg
hn:TRAIN_000142:19.204238,0.09294923090601938,0.24295184336404324,0.25295987725257874,7.5,0.44339622641509435,deg
hn:TRAIN_000142:15.102710,0.052269207460777053,0.2081473817502355,0.20201140642166138,7.0,0.5098039215686274,deg
hn:TRAIN_000142:18.408174,0.0644325322162661,0.15576816757786105,0.22549141943454742,7.5,0.25,deg
hn:TRAIN_000152:18.094124,0.22976091021203804,0.4025793225836062,0.3988323211669922,5.5,0.39779005524861877,deg
hn:TRAIN_000152:16.482801,0.07365143482285619,0.2953803296448193,0.24582539498806,6.5,0.5,deg
hn:TRAIN_000152:19.425652,0.07605105940851238,0.2612454326362435,0.18393395841121674,5.5,0.13157894736842105,deg
hn:TRAIN_000245:16.654602,0.09345406069839511,0.16450693870048708,0.15541419386863708,7.0,0.28846153846153844,deg
hn:TRAIN_000245:16.182623,0.058369582729176736,0.11775041251604229,0.16989584267139435,8.0,0.4583333333333333,deg
hn:TRAIN_000245:15.474254,0.05576118829015046,0.1383164405793551,0.15686820447444916,7.0,0.5714285714285714,deg
hn:TRAIN_000245:17.488537,0.10039244802715316,0.16402891001833844,0.14610129594802856,6.5,0.21052631578947367,deg
hn:TRAIN_000245:12.665008,0.11340534938414318,0.17500878788341917,0.151340052485466,5.5,0.1,deg
hn:TRAIN_000304:12.645483,0.08792553649918125,0.2409058209001908,0.259308397769928,5.0,0.5189873417721519,deg
hn:TRAIN_000304:17.192284,0.0020689338094435333,0.06116317444503253,0.061891987919807434,7.0,0.8,deg
hn:TRAIN_000304:16.949648,0.04542907909269901,0.1614719359429492,0.21556758880615234,6.0,0.37037037037037035,deg
hn:TRAIN_000304:18.019796,0.10006456874872562,0.2602840659685207,0.24545693397521973,5.5,0.5901639344262295,deg
hn:TRAIN_000304:12.855468,0.1168455507345665,0.29469110266647425,0.25826242566108704,4.5,0.4105960264900662,deg
hn:TRAIN_000304:19.764476,0.0,0.047431882242405264,0.04077586531639099,8.0,0.0,deg
hn:TRAIN_000337:13.575411,0.03893140018794469,0.10338375420610711,0.02624199166893959,3.0,0.07407407407407407,deg
hn:TRAIN_000337:16.677072,0.0020423832923832925,0.058431030182090296,0.032871492207050323,6.5,0.5714285714285714,deg
hn:TRAIN_000337:16.641341,0.011736644833983265,0.06312471167153622,0.048233356326818466,4.5,0.075,deg
hn:TRAIN_000337:16.668815,0.0020593654676927366,0.02831688467047583,0.005750779528170824,5.0,0.3333333333333333,deg
hn:TRAIN_000337:18.287580,0.0009812940815700705,0.048259780365217664,0.00511972326785326,7.5,0.6666666666666666,deg
hn:TRAIN_000417:19.793804,0.0008441408947893485,0.004442414026685991,0.0018026086036115885,9.0,0.5,deg
hn:TRAIN_000417:17.986025,0.0011506244055107238,0.002769996400569649,0.006125686224550009,9.0,0.75,deg
hn:TRAIN_000417:14.158561,0.0,0.019177171090137456,0.0028862138278782368,4.5,0.0,deg
hn:TRAIN_000417:20.672901,0.0017766069869664435,0.004233567486201706,0.0014341901987791061,9.5,0.75,deg
hn:TRAIN_000417:15.306421,0.0014733191117113523,0.0013388778628359009,0.00107818772085011,6.5,0.75,deg
hn:TRAIN_000420:14.059756,0.1637919748641749,0.219719874128463,0.22789336740970612,9.0,0.4,deg
hn:TRAIN_000420:13.966892,0.1724419004836343,0.24351170981894582,0.23613180220127106,7.5,0.29213483146067415,deg
hn:TRAIN_000420:16.852866,0.07711067612232456,0.22949908095333715,0.2221401184797287,10.0,0.4782608695652174,deg
hn:TRAIN_000420:15.348600,0.17564743450420478,0.25054439313678556,0.2426733672618866,8.0,0.5405405405405406,deg
hn:TRAIN_000420:16.865542,0.1417582215351773,0.20579141028415943,0.17536330223083496,8.5,0.1810344827586207,deg
hn:TRAIN_000006:14.175666,0.19627982360257812,0.3901964446935027,0.3850170969963074,5.0,0.4380165289256198,deg
hn:TRAIN_000006:16.317548,0.003675682298526664,0.18307758541160551,0.1821630597114563,7.0,0.8,deg
hn:TRAIN_000006:20.655428,0.00970364542355101,0.11263106410295601,0.03368610888719559,7.5,0.2727272727272727,deg
hn:TRAIN_000006:13.030815,0.20862105445382678,0.39982983282650825,0.3689979910850525,5.0,0.4351145038167939,deg
hn:TRAIN_000006:15.300463,0.09509702009702009,0.35742041903916,0.3800678849220276,5.5,0.4909090909090909,deg
hn:TRAIN_000006:20.517907,0.2046805046805047,0.4247375656085979,0.3931710720062256,5.0,0.365,deg
hn:TRAIN_000011:20.768359,0.16311988905360814,0.30668773527908166,0.2867945730686188,8.5,0.5714285714285714,deg
hn:TRAIN_000011:14.038084,0.1899761644012111,0.26648664679164,0.28734102845191956,8.5,0.5555555555555556,deg
hn:TRAIN_000011:17.749351,0.18869714855497838,0.2781835851777541,0.2640953063964844,8.0,0.7333333333333333,deg
hn:TRAIN_000011:18.610119,0.021813013656306002,0.20367630858329924,0.29767322540283203,8.0,0.25,deg
hn:TRAIN_000011:18.931477,0.11171936448010068,0.26313467870252216,0.2595968544483185,8.5,0.5,deg
hn:TRAIN_000011:20.420593,0.16730891719745222,0.27721843139126146,0.25588658452033997,9.5,0.6363636363636364,deg
hn:TRAIN_000026:18.899121,0.06258590221873159,0.15524337036234798,0.14211252331733704,7.5,0.5348837209302325,deg
hn:TRAIN_000026:15.354459,0.06443834705246529,0.13544557508479801,0.13492870330810547,7.0,0.38095238095238093,deg
hn:TRAIN_000026:19.619500,0.05895421583961325,0.0876778714078464,0.08834905177354813,7.0,0.08139534883720931,deg
hn:TRAIN_000026:17.578289,0.036097980232058444,0.12852427663643654,0.13739170134067535,7.5,0.17894736842105263,deg
hn:TRAIN_000080:13.142190,0.19274974166473355,0.2975993883792049,0.3131870627403259,5.5,0.23931623931623933,deg
hn:TRAIN_000080:20.656179,0.1812137810589823,0.2763071370677922,0.27780866622924805,6.5,0.29714285714285715,deg
hn:TRAIN_000080:16.702548,0.09770810596289314,0.1270765647029976,0.06215488910675049,7.0,0.047872340425531915,deg
hn:TRAIN_000080:19.645622,0.0048748111868906485,0.007917547244938589,0.0022060719784349203,8.5,0.0,deg
hn:TRAIN_000080:14.940451,0.18686921236083653,0.3043598615916955,0.26452285051345825,5.5,0.2863247863247863,deg
hn:TRAIN_000142:14.094558,0.10362920857017928,0.26706171457011324,0.25189143419265747,6.0,0.425,deg
hn:TRAIN_000142:13.408128,0.0708728154187785,0.21540518115608,0.2586556375026703,7.0,0.546875,deg
hn:TRAIN_000142:13.952605,0.10177495222695869,0.23082461434764626,0.24739280343055725,6.5,0.3953488372093023,deg
hn:TRAIN_000142:15.386545,0.08626198083067092,0.2524793771433868,0.23600023984909058,7.0,0.39325842696629215,deg
hn:TRAIN_000152:18.613972,0.23711065924250774,0.4185587515299878,0.41140124201774597,6.0,0.4728682170542636,deg
hn:TRAIN_000152:19.229812,0.23179172565675632,0.40808772922625147,0.4257892668247223,5.5,0.3945578231292517,deg
hn:TRAIN_000245:17.208634,0.09170795212092721,0.16943359375,0.1601342111825943,8.0,0.23157894736842105,deg
hn:TRAIN_000245:13.458645,0.09862465181058495,0.1663360595703125,0.15321561694145203,7.0,0.22413793103448276,deg
hn:TRAIN_000245:20.828588,0.09741880179064673,0.1833343505859375,0.16219563782215118,9.0,0.2158273381294964,deg
hn:TRAIN_000245:12.168754,0.11985887096774193,0.21917660306344383,0.14194203913211823,4.5,0.12,deg
hn:TRAIN_000245:15.994398,0.1107078740613478,0.1728057861328125,0.15718576312065125,6.5,0.12195121951219512,deg
hn:TRAIN_000304:18.315232,0.03547320673483509,0.11078558182299865,0.06946533918380737,7.5,0.6666666666666666,deg
hn:TRAIN_000304:20.228764,0.00039857738533235224,0.012240188358567352,0.01731083169579506,7.5,0.6666666666666666,deg
hn:TRAIN_000304:16.767688,0.052426514105346225,0.2584084930477264,0.3062407076358795,6.0,0.631578947368421,deg
hn:TRAIN_000304:16.263368,0.10337110331823708,0.29713639908950545,0.27821773290634155,5.0,0.53125,deg
hn:TRAIN_000337:14.103946,0.061586784550953934,0.13217066334475241,0.07499267160892487,3.5,0.07666666666666666,deg
hn:TRAIN_000337:18.035521,0.0016851674345258342,0.050775520394469933,0.015099050477147102,6.5,0.3333333333333333,deg
hn:TRAIN_000337:17.268263,0.0009197798660187329,0.03070505582737423,0.007354324217885733,7.0,0.6666666666666666,deg
hn:TRAIN_000337:20.864616,0.007124103215880396,0.0409877839724483,0.04089437797665596,5.5,0.125,deg
hn:TRAIN_000337:17.192940,0.024336667772878837,0.10020984715610123,0.054421622306108475,6.0,0.35,deg
hn:TRAIN_000417:14.370595,0.0021023232974250374,0.007744584234017075,0.011196058243513107,6.0,0.8,deg
hn:TRAIN_000417:20.645957,0.0015163815154624963,0.007029249747847001,0.011670015752315521,7.0,0.75,deg
hn:TRAIN_000417:12.591665,0.0025071395364282393,0.003882461605898837,0.004574390593916178,4.0,0.16129032258064516,deg
hn:TRAIN_000417:15.736803,0.0013125994101023828,0.005408201655379985,0.004010450094938278,5.5,0.375,deg
hn:TRAIN_000417:16.547414,0.0020421637723217713,0.004667644946766992,0.005883709527552128,6.0,0.6,deg
hn:TRAIN_000420:12.917908,0.1797848148525269,0.26316926400246876,0.2480047643184662,7.5,0.5128205128205128,deg
hn:TRAIN_000420:19.460724,0.10427822246756831,0.16574968791899763,0.17191191017627716,10.5,0.14018691588785046,deg
hn:TRAIN_000420:17.495778,0.0054699870447675256,0.06406122228565257,0.10403714329004288,10.0,0.0,deg
hn:TRAIN_000006:19.355620,0.13237844793823086,0.34737759245717487,0.40069231390953064,5.0,0.33858267716535434,deg
hn:TRAIN_000006:16.682342,0.040622522491468756,0.22184551660658128,0.08084515482187271,5.5,0.21052631578947367,deg
hn:TRAIN_000006:13.182035,0.20838131193959414,0.41740198816039314,0.38651150465011597,5.0,0.47368421052631576,deg
hn:TRAIN_000006:16.254219,0.1160689511653718,0.3332412607801614,0.416547030210495,7.0,0.5166666666666667,deg
hn:TRAIN_000006:12.950000,0.18797651723086306,0.38514299902236154,0.40638092160224915,5.0,0.408,deg
hn:TRAIN_000006:15.106732,0.22138312421953976,0.43311002030602946,0.406828910112381,4.5,0.45806451612903226,deg
hn:TRAIN_000011:16.508909,0.02708537172498408,0.2547760009765625,0.3759984076023102,8.0,0.42857142857142855,deg
hn:TRAIN_000011:13.896889,0.24130324667897585,0.2781373948913216,0.25544384121894836,8.0,0.5625,deg
hn:TRAIN_000011:17.890558,0.02825455505677317,0.2336883544921875,0.07402554154396057,7.5,0.45454545454545453,deg
hn:TRAIN_000026:13.632854,0.07886016055574262,0.14925303959585348,0.12965598702430725,6.0,0.26666666666666666,deg
hn:TRAIN_000026:16.121990,0.08694213052352844,0.15883106262825755,0.14065824449062347,5.5,0.22549019607843138,deg
hn:TRAIN_000026:18.554790,0.06966342974487487,0.16932794418232952,0.15862809121608734,6.5,0.34523809523809523,deg
hn:TRAIN_000026:18.174668,0.05659862635599204,0.1475331483194573,0.1403653621673584,8.0,0.5333333333333333,deg
hn:TRAIN_000080:13.614028,0.16441394867938716,0.24224853515625,0.3407953381538391,7.0,0.29838709677419356,deg
hn:TRAIN_000080:19.398539,0.17283046503112412,0.2893094269191935,0.3138566315174103,6.5,0.3,deg
hn:TRAIN_000080:18.221005,0.081661534930865,0.11986574301128004,0.08530737459659576,8.0,0.06206896551724138,deg
hn:TRAIN_000142:20.583634,0.00015372553842369832,0.005780435684966255,0.003765014698728919,8.5,0.14285714285714285,deg
hn:TRAIN_000142:13.603316,0.08911185823352245,0.24495376202033856,0.25884830951690674,6.5,0.5454545454545454,deg
hn:TRAIN_000142:19.946966,0.0,0.005999353915732152,0.004455078858882189,7.0,0.0,deg
hn:TRAIN_000142:15.044093,0.08154104444640806,0.18493550368550368,0.2618265151977539,7.0,0.391304347826087,deg
hn:TRAIN_000142:14.898775,0.1076082165212025,0.27955642167780254,0.2582927644252777,6.5,0.550561797752809,deg
hn:TRAIN_000142:20.213312,0.0246381805651275,0.09852565483702176,0.030024448409676552,8.5,0.0821917808219178,deg
hn:TRAIN_000152:19.598362,0.1836211786335987,0.26913102855652227,0.15093544125556946,6.5,0.22527472527472528,deg
hn:TRAIN_000152:15.718855,0.25345640694909105,0.4214877305335755,0.3998030722141266,5.0,0.40372670807453415,deg
hn:TRAIN_000152:20.770790,0.17246387606137345,0.30707095431875897,0.3707212507724762,8.0,0.3937007874015748,deg
hn:TRAIN_000152:20.026734,0.17838814600650524,0.36520635706658827,0.33199211955070496,6.5,0.4807692307692308,deg
hn:TRAIN_000152:19.210832,0.18166224855761734,0.30802526727948487,0.38196492195129395,6.5,0.3430232558139535,deg
hn:TRAIN_000245:20.592059,0.10360449084104786,0.16046142578125,0.15826557576656342,8.5,0.1419753086419753,deg
hn:TRAIN_000245:16.685345,0.10848993735838998,0.17033337418801323,0.1512039750814438,6.0,0.1452991452991453,deg
hn:TRAIN_000245:18.270653,0.10389521562190075,0.13746543778801842,0.1423475593328476,7.0,0.29310344827586204,deg
hn:TRAIN_000245:18.420815,0.01923113648950595,0.043701171875,0.0,8.5,0.006993006993006993,deg
hn:TRAIN_000304:15.707551,0.06832034250044937,0.24977937468482098,0.21221324801445007,6.0,0.6764705882352942,deg
hn:TRAIN_000304:16.009012,0.028256319433263566,0.2063078203779038,0.18497197329998016,6.0,0.5517241379310345,deg
hn:TRAIN_000304:15.081342,0.09138874529865777,0.28597896059035954,0.25617849826812744,5.0,0.4489795918367347,deg
hn:TRAIN_000304:14.560223,0.05232243350998376,0.2533849738648529,0.24442602694034576,5.5,0.5853658536585366,deg
hn:TRAIN_000304:12.538930,0.09364783211516407,0.21463628122166994,0.2518775463104248,5.0,0.5517241379310345,deg
hn:TRAIN_000304:18.315737,0.0702844963993929,0.2455579861821501,0.23077966272830963,6.5,0.5,deg
hn:TRAIN_000337:17.578450,0.0011198723652317982,0.03239217044864022,0.0085184620693326,6.5,0.5,deg
hn:TRAIN_000337:14.116288,0.027158752044120948,0.08843687469473287,0.024876605719327927,5.0,0.18518518518518517,deg
hn:TRAIN_000337:13.005602,0.09235215855392943,0.1358511837655017,0.055246200412511826,3.5,0.08771929824561403,deg
hn:TRAIN_000337:13.308352,0.049716093797408004,0.10774005280466904,0.06406137347221375,4.0,0.08225108225108226,deg
hn:TRAIN_000337:20.821295,0.004453194581165331,0.06407319087919452,0.02973555028438568,6.5,0.3333333333333333,deg
hn:TRAIN_000417:17.000143,0.0016067329762815608,0.026431580101154033,0.032759785652160645,12.5,0.6666666666666666,deg
hn:TRAIN_000417:20.460968,0.0012889564056529944,0.0025818363898103525,0.004997577052563429,8.5,0.75,deg
hn:TRAIN_000417:14.289043,0.0014129716944909462,0.01233750886315292,0.0010698038386180997,7.0,0.75,deg
hn:TRAIN_000417:19.500561,0.00182272121555593,0.00406134353634824,0.004914212040603161,11.0,0.75,deg
hn:TRAIN_000417:20.743230,0.0017355511526824248,0.00487402285963437,0.005009571090340614,8.0,0.5,deg
hn:TRAIN_000420:19.120604,0.07575952833532008,0.2542213013359723,0.2445715069770813,10.0,0.6190476190476191,deg
hn:TRAIN_000420:18.732317,0.14164282387384391,0.20944143810801227,0.23507919907569885,10.0,0.3617021276595745,deg
hn:TRAIN_000420:20.124694,0.07347740003046047,0.04436639245771328,0.0661793053150177,10.5,0.0,deg
hn:TRAIN_000420:14.966883,0.12909520217754894,0.22718569531515395,0.22473086416721344,9.0,0.41379310344827586,deg
hn:TRAIN_000420:19.117605,0.0030073924731182796,0.056826078228508776,0.01514828484505415,10.5,0.0,deg
main:TRAIN_000006:20.985140,0.20294169490197614,0.43777401433975405,0.41163191199302673,5.0,0.44375,base
main:TRAIN_000006:19.822108,0.19441862194623136,0.4226876719507402,0.39723140001296997,5.5,0.6372549019607843,base
main:TRAIN_000011:17.782586,0.3006909656244602,0.3615135065685928,0.28993743658065796,6.5,0.37777777777777777,base
main:TRAIN_000011:19.093974,0.20434902463150043,0.34980007738939767,0.28669998049736023,8.5,0.5333333333333333,base
main:TRAIN_000011:19.458812,0.24698487596175855,0.3865110036705852,0.3066011071205139,6.0,0.43037974683544306,base
main:TRAIN_000080:16.244547,0.11903351889138931,0.2331607804698747,0.21175028383731842,4.5,0.25842696629213485,base
main:TRAIN_000142:17.452770,0.08648124312123416,0.25552353506243997,0.2170724719762802,5.5,0.3442622950819672,base
main:TRAIN_000337:14.627076,0.09553192000192072,0.2965662250608657,0.21245460212230682,2.5,0.12138728323699421,base
main:TRAIN_000337:19.126349,0.1229210868523715,0.3122298101622705,0.23967324197292328,3.0,0.14733542319749215,base
main:TRAIN_000417:19.553461,0.044870683844628036,0.16013668860823282,0.06667347997426987,3.5,0.06201550387596899,base
main:TRAIN_000420:20.197856,0.14903414970679546,0.2790460597448333,0.2523900866508484,8.0,0.5333333333333333,base
main:TRAIN_000006:12.861915,0.22162242894938977,0.4139162021669694,0.3823285698890686,4.0,0.36681222707423583,base
main:TRAIN_000011:17.429886,0.17956899346494445,0.26698742027780886,0.21332110464572906,5.5,0.2631578947368421,base
main:TRAIN_000026:18.642334,0.0687047254438314,0.16692130808525085,0.12152969837188721,4.5,0.15789473684210525,base
main:TRAIN_000080:20.312200,0.10524703335307693,0.25992054361664596,0.20298883318901062,5.0,0.16346153846153846,base
main:TRAIN_000152:17.716896,0.25894723371582135,0.37323318755149903,0.3407818078994751,3.5,0.33962264150943394,base
main:TRAIN_000245:18.565306,0.10678743585756492,0.22891993584998765,0.1727760285139084,4.0,0.15873015873015872,base
main:TRAIN_000245:14.528073,0.12469716403021235,0.3360754600278336,0.2312750667333603,3.5,0.1125,base
main:TRAIN_000304:14.279672,0.12024745727167872,0.2956209619526202,0.25362008810043335,4.0,0.29596412556053814,base
main:TRAIN_000304:19.471671,0.06896079203850568,0.30256996364906263,0.27557244896888733,6.0,0.5294117647058824,base
main:TRAIN_000337:14.878885,0.06056315558568979,0.2178293485550305,0.11426001042127609,3.5,0.11834319526627218,base
main:TRAIN_000337:14.984309,0.06602753982867665,0.1989787100322099,0.10728345811367035,3.5,0.1411042944785276,base
main:TRAIN_000417:13.936304,0.03713870820154761,0.18332383304832478,0.08704663813114166,3.5,0.04697986577181208,base
main:TRAIN_000417:17.346966,0.025405159991314475,0.16747469323942327,0.08933312445878983,3.0,0.047619047619047616,base
main:TRAIN_000420:14.623520,0.17614324651726226,0.263375629032756,0.24952080845832825,5.5,0.3464566929133858,base
main:TRAIN_000420:17.120466,0.1597846640682283,0.2284064950299438,0.18987593054771423,5.0,0.2251655629139073,base
hn:TRAIN_000006:14.042686,0.2354946637303066,0.41157504947966544,0.37656131386756897,4.0,0.3771186440677966,base
hn:TRAIN_000006:16.761196,0.24354890734618176,0.41802136553646074,0.39257243275642395,4.5,0.46774193548387094,base
hn:TRAIN_000006:13.777418,0.21918925702811246,0.3891392969771556,0.41022855043411255,4.0,0.3592233009708738,base
hn:TRAIN_000006:17.903086,0.14564831261101244,0.4042225817708829,0.38588014245033264,5.0,0.5346534653465347,base
hn:TRAIN_000006:13.101672,0.22975163737760196,0.42673482270704705,0.3993934392929077,4.0,0.3483606557377049,base
hn:TRAIN_000011:17.833356,0.20289996741609645,0.3088390712570056,0.2643323540687561,8.5,0.7,base
hn:TRAIN_000011:16.408718,0.19899256571808036,0.2907097537197743,0.24971918761730194,8.0,0.625,base
hn:TRAIN_000011:19.699922,0.20684136827365474,0.3731614981876762,0.3431871831417084,8.5,0.59375,base
hn:TRAIN_000011:19.988543,0.1938741993759238,0.3234940435152079,0.2664528787136078,7.5,0.6363636363636364,base
hn:TRAIN_000011:14.302943,0.22797215122939984,0.3380101834639942,0.2833707630634308,6.5,0.390625,base
hn:TRAIN_000026:16.280679,0.0923615582743078,0.21962002813461332,0.16119849681854248,4.0,0.17751479289940827,base
hn:TRAIN_000026:16.754664,0.06923184699989492,0.1774330608902554,0.1484145075082779,5.5,0.3380281690140845,base
hn:TRAIN_000026:14.638376,0.08675382194681326,0.19463831754102148,0.15121352672576904,4.5,0.19148936170212766,base
hn:TRAIN_000026:12.176095,0.10040458387171937,0.22678048553767022,0.15128974616527557,3.0,0.14351851851851852,base
hn:TRAIN_000026:14.398497,0.09234247634914024,0.20607130141333457,0.15282908082008362,4.5,0.18012422360248448,base
hn:TRAIN_000026:15.281352,0.08703895208548776,0.2135841492560327,0.1735549420118332,5.0,0.23622047244094488,base
hn:TRAIN_000080:16.752355,0.20020580101614252,0.3527558328978513,0.3198709189891815,4.5,0.26294820717131473,base
hn:TRAIN_000080:18.357169,0.20983127013735797,0.36573831602945256,0.30616113543510437,4.5,0.27385892116182575,base
hn:TRAIN_000080:16.324558,0.15936382345301606,0.3371846480041791,0.3002174198627472,5.5,0.3181818181818182,base
hn:TRAIN_000142:19.576889,0.09892589235783018,0.25422838695726047,0.2143637090921402,5.5,0.272108843537415,base
hn:TRAIN_000142:16.246233,0.0996069198076501,0.22371689060981442,0.19217661023139954,5.0,0.23563218390804597,base
hn:TRAIN_000142:16.471949,0.11009817671809256,0.28746048800236684,0.2595713138580322,6.5,0.45454545454545453,base
hn:TRAIN_000142:12.582066,0.13918239131867408,0.320402793873524,0.263143390417099,4.5,0.23825503355704697,base
hn:TRAIN_000152:15.501037,0.2318181818181818,0.40652620440682186,0.3765874207019806,4.5,0.43373493975903615,base
hn:TRAIN_000152:19.396687,0.20531625847884327,0.43295350813686295,0.4005582630634308,5.0,0.5772357723577236,base
hn:TRAIN_000152:15.976716,0.19861579272792548,0.40253630599304563,0.36358731985092163,4.5,0.432258064516129,base
hn:TRAIN_000152:18.643530,0.19953280124586334,0.3711359697494879,0.32709190249443054,4.5,0.3493150684931507,base
hn:TRAIN_000245:14.721869,0.1316883274872772,0.2816323345817728,0.19785076379776,3.5,0.10828025477707007,base
hn:TRAIN_000245:18.596190,0.058582518688901665,0.15499800754069215,0.1234079971909523,5.0,0.1951219512195122,base
hn:TRAIN_000245:16.169439,0.13011369353053628,0.3220927197063927,0.27969053387641907,4.0,0.16778523489932887,base
hn:TRAIN_000245:15.527888,0.1314315540120049,0.3231388329979879,0.28328418731689453,4.5,0.12837837837837837,base
hn:TRAIN_000304:20.183808,0.05378879079721776,0.19122611439966086,0.1714429259300232,5.0,0.38461538461538464,base
hn:TRAIN_000304:18.664347,0.08189969455118731,0.24767388950779032,0.20899544656276703,4.0,0.2655367231638418,base
hn:TRAIN_000304:13.288311,0.10764685301092408,0.29389330947784736,0.27510249614715576,4.5,0.38461538461538464,base
hn:TRAIN_000304:14.904989,0.14378269529625495,0.3317868440262795,0.27546948194503784,4.0,0.2892857142857143,base
hn:TRAIN_000304:16.703429,0.08562840356801281,0.2695613980046433,0.23470094799995422,4.5,0.275,base
hn:TRAIN_000337:20.982486,0.03079969822708412,0.1890789267221089,0.1059534102678299,4.5,0.1276595744680851,base
hn:TRAIN_000337:20.525086,0.0305842562230609,0.17564761176084817,0.08461500704288483,3.5,0.05581395348837209,base
hn:TRAIN_000337:19.677001,0.05956363366042224,0.22802241037424065,0.16268830001354218,4.5,0.25961538461538464,base
hn:TRAIN_000337:16.019492,0.1676464542651593,0.2977152454289064,0.1939583718776703,4.0,0.14736842105263157,base
hn:TRAIN_000417:20.910865,0.027155180274652125,0.19653426175027694,0.12003839761018753,4.5,0.10869565217391304,base
hn:TRAIN_000417:12.969248,0.01680961242818998,0.21888738988969128,0.13178667426109314,2.5,0.018404907975460124,base
hn:TRAIN_000417:15.459680,0.015505334663078863,0.10701547647105036,0.028402054682374,3.5,0.041666666666666664,base
hn:TRAIN_000417:15.191416,0.00855477625209918,0.168453679982288,0.08998429030179977,3.0,0.006622516556291391,base
hn:TRAIN_000417:13.101138,0.008558505868132725,0.07499842141819789,0.017212357372045517,3.5,0.03076923076923077,base
hn:TRAIN_000417:18.513082,0.0036836014538816357,0.02973977695167286,0.005042470991611481,4.0,0.18518518518518517,base
hn:TRAIN_000420:18.665227,0.13785769182648483,0.23939964794169422,0.20813879370689392,7.0,0.40963855421686746,base
hn:TRAIN_000420:20.816163,0.11304755719131125,0.20775246514790888,0.14263512194156647,7.0,0.23333333333333334,base
hn:TRAIN_000420:18.975794,0.19964304836694627,0.3261045174920773,0.27653226256370544,6.5,0.3939393939393939,base
hn:TRAIN_000420:19.551895,0.11611085016439643,0.2076048681040341,0.14447838068008423,5.0,0.2,base
hn:TRAIN_000420:19.466890,0.1838785932114694,0.30745163638616546,0.27479004859924316,6.5,0.34615384615384615,base
hn:TRAIN_000006:15.693489,0.20729949752658436,0.3680896805896806,0.4163537919521332,4.5,0.42028985507246375,base
hn:TRAIN_000006:20.351807,0.17615201197759744,0.41641361297732743,0.39451417326927185,6.0,0.6396396396396397,base
hn:TRAIN_000006:14.816491,0.20013776815587483,0.3901631516116196,0.358601450920105,4.0,0.35064935064935066,base
hn:TRAIN_000006:15.493751,0.21598067827312065,0.4024596655227566,0.3709869086742401,4.0,0.3930635838150289,base
hn:TRAIN_000006:18.881597,0.11833283671036948,0.36174459262926634,0.36336708068847656,4.5,0.4424778761061947,base
hn:TRAIN_000011:13.973990,0.20930549637835535,0.29710910786447,0.30294984579086304,6.0,0.5111111111111111,base
hn:TRAIN_000011:18.874419,0.1676808542388619,0.3563648685717974,0.29845935106277466,8.5,0.6470588235294118,base
hn:TRAIN_000011:19.903306,0.1977938186254575,0.34566756574511126,0.3209052085876465,7.0,0.46938775510204084,base
hn:TRAIN_000011:14.386281,0.2924159762915067,0.36175471607851895,0.3113965392112732,8.0,0.4,base
hn:TRAIN_000026:18.714808,0.09026531019349691,0.22149102480921926,0.15573666989803314,4.0,0.16463414634146342,base
hn:TRAIN_000026:20.533480,0.060409531443561905,0.17777094542659494,0.14653554558753967,5.0,0.1717171717171717,base
hn:TRAIN_000026:17.234135,0.09525081060461568,0.2524464570958887,0.17861267924308777,5.0,0.2619047619047619,base
hn:TRAIN_000026:19.426155,0.10790714544795067,0.24939234901614726,0.1989748775959015,4.0,0.1657754010695187,base
hn:TRAIN_000080:19.309472,0.18265017256757282,0.3304790061426755,0.30624493956565857,5.5,0.3597122302158273,base
hn:TRAIN_000080:12.958105,0.1886259805189208,0.2949384907277067,0.2670024037361145,4.0,0.21568627450980393,base
hn:TRAIN_000080:19.991242,0.15622628291202054,0.28097277454879166,0.25568196177482605,5.0,0.29285714285714287,base
hn:TRAIN_000080:16.357493,0.18364736457402744,0.3321734846268726,0.29803651571273804,5.0,0.29411764705882354,base
hn:TRAIN_000142:18.342945,0.061800520869993665,0.2232852403363938,0.2133137732744217,6.0,0.28888888888888886,base
hn:TRAIN_000142:19.204238,0.1181980128923252,0.31177968997545896,0.277584046125412,6.0,0.4491525423728814,base
hn:TRAIN_000142:15.102710,0.1097052923931492,0.2726610566119609,0.23658567667007446,5.5,0.3986013986013986,base
hn:TRAIN_000142:18.408174,0.11326542423891654,0.2547773654916512,0.22343134880065918,5.5,0.33774834437086093,base
hn:TRAIN_000152:18.094124,0.23483926840835515,0.43885842124069785,0.3981117904186249,4.0,0.4010152284263959,base
hn:TRAIN_000152:16.482801,0.19623206439320293,0.37996027090860746,0.34531572461128235,5.0,0.4533333333333333,base
hn:TRAIN_000152:19.425652,0.2194862635025942,0.38429667438599807,0.3398160934448242,3.5,0.2981651376146789,base
hn:TRAIN_000245:16.654602,0.11452834966206346,0.264211356710854,0.13488730788230896,4.5,0.14049586776859505,base
hn:TRAIN_000245:16.182623,0.08728396596742394,0.18427748145423334,0.15339519083499908,5.0,0.27692307692307694,base
hn:TRAIN_000245:15.474254,0.09614926848918756,0.1989005574204675,0.15727296471595764,5.0,0.2073170731707317,base
hn:TRAIN_000245:17.488537,0.14008064516129032,0.29120621839295746,0.23117612302303314,4.0,0.14102564102564102,base
hn:TRAIN_000245:12.665008,0.11990554130532144,0.27752558282680617,0.2367563098669052,3.0,0.10457516339869281,base
hn:TRAIN_000304:12.645483,0.10994807380497917,0.2878999921377467,0.2655644416809082,4.0,0.3456221198156682,base
hn:TRAIN_000304:17.192284,0.05331328389323673,0.22536891679748822,0.23488548398017883,5.0,0.4067796610169492,base
hn:TRAIN_000304:16.949648,0.10566929133858267,0.2744495889634319,0.24070462584495544,4.5,0.3058823529411765,base
hn:TRAIN_000304:18.019796,0.11589038442916626,0.3154785536199203,0.2833438515663147,4.5,0.4266666666666667,base
hn:TRAIN_000304:12.855468,0.15962150892386648,0.334177835894083,0.2564505934715271,3.5,0.25806451612903225,base
hn:TRAIN_000304:19.764476,0.041228487523173596,0.20606804906082218,0.20228196680545807,5.5,0.4857142857142857,base
hn:TRAIN_000337:13.575411,0.07897908030463704,0.24720255405234542,0.14443638920783997,2.5,0.09090909090909091,base
hn:TRAIN_000337:16.677072,0.09329365626785961,0.2189630793401414,0.12278851121664047,4.0,0.14193548387096774,base
hn:TRAIN_000337:16.641341,0.0651813779627899,0.21410833462672668,0.16707247495651245,3.0,0.12121212121212122,base
hn:TRAIN_000337:16.668815,0.05973764703467247,0.1979770841564599,0.09654369950294495,3.5,0.11891891891891893,base
hn:TRAIN_000337:18.287580,0.05299425758818704,0.2756147378754532,0.1806887984275818,5.0,0.23170731707317074,base
hn:TRAIN_000417:19.793804,0.06800423903867224,0.18843723773178572,0.10632609575986862,4.5,0.07692307692307693,base
hn:TRAIN_000417:17.986025,0.0024017169721332696,0.0780008826125331,0.020163120701909065,4.0,0.07317073170731707,base
hn:TRAIN_000417:14.158561,0.009669149558933365,0.20982114543032918,0.12201971560716629,3.0,0.023255813953488372,base
hn:TRAIN_000417:20.672901,0.027642220933010272,0.12389994637731445,0.06760513037443161,4.5,0.0625,base
hn:TRAIN_000417:15.306421,0.0011920283106723784,0.07702145800767372,0.020401373505592346,3.0,0.03,base
hn:TRAIN_000420:14.059756,0.1720464758221888,0.27422766361488937,0.24874849617481232,6.5,0.3088235294117647,base
hn:TRAIN_000420:13.966892,0.1815114709851552,0.28073349104009154,0.2518651783466339,5.0,0.27906976744186046,base
hn:TRAIN_000420:16.852866,0.16770718133495058,0.28316969462698105,0.2537604570388794,7.0,0.3142857142857143,base
hn:TRAIN_000420:15.348600,0.19533994721033948,0.2997030805394037,0.26638975739479065,6.0,0.3026315789473684,base
hn:TRAIN_000420:16.865542,0.17510585572401413,0.28182817507625135,0.23052604496479034,5.5,0.24503311258278146,base
hn:TRAIN_000006:14.175666,0.22584660829201392,0.41384930018533905,0.38182973861694336,4.0,0.3542600896860987,base
hn:TRAIN_000006:16.317548,0.14140267416297259,0.3621873926753879,0.39116621017456055,5.0,0.5125,base
hn:TRAIN_000006:20.655428,0.09322735266733335,0.33403900237970147,0.3675861358642578,5.5,0.45,base
hn:TRAIN_000006:13.030815,0.23945364694903393,0.41228424264931457,0.3845854699611664,4.0,0.34977578475336324,base
hn:TRAIN_000006:15.300463,0.22270391779062298,0.4012211712878984,0.37132328748703003,4.0,0.38650306748466257,base
hn:TRAIN_000006:20.517907,0.2263884430176565,0.40057611883318583,0.3826967775821686,3.5,0.3347107438016529,base
hn:TRAIN_000011:20.768359,0.20182379858919927,0.37371616820618825,0.3280143141746521,8.0,0.6538461538461539,base
hn:TRAIN_000011:14.038084,0.2313268585802124,0.31643961766854023,0.2809588313102722,6.0,0.30158730158730157,base
hn:TRAIN_000011:17.749351,0.2449045232936078,0.33470196347834424,0.28325217962265015,6.5,0.4864864864864865,base
hn:TRAIN_000011:18.610119,0.10970810879150403,0.25406678763569224,0.22476817667484283,7.5,0.8,base
hn:TRAIN_000011:18.931477,0.23265758091993186,0.32764695566219726,0.2753925919532776,7.5,0.34285714285714286,base
hn:TRAIN_000011:20.420593,0.24712116580046878,0.3725005653002552,0.3189299404621124,7.5,0.4166666666666667,base
hn:TRAIN_000026:18.899121,0.1231283009964245,0.2622251191085867,0.19289447367191315,5.5,0.28421052631578947,base
hn:TRAIN_000026:15.354459,0.08329257740491329,0.19471279977777092,0.14412391185760498,5.0,0.20512820512820512,base
hn:TRAIN_000026:19.619500,0.0962821377707818,0.17664619715695526,0.13095897436141968,4.0,0.1592920353982301,base
hn:TRAIN_000026:17.578289,0.07588634551430405,0.22179156565110641,0.17835170030593872,5.0,0.1870967741935484,base
hn:TRAIN_000080:13.142190,0.20526970139812856,0.32428173668267907,0.3003867566585541,4.0,0.24452554744525548,base
hn:TRAIN_000080:20.656179,0.19053430146236297,0.3560587477770283,0.3126384913921356,4.5,0.31413612565445026,base
hn:TRAIN_000080:16.702548,0.12997280497280497,0.25298856748254434,0.20025739073753357,5.0,0.2857142857142857,base
hn:TRAIN_000080:19.645622,0.08803170920340293,0.17544397284832142,0.1403282880783081,6.0,0.11594202898550725,base
hn:TRAIN_000080:14.940451,0.19080090340514247,0.35324743542207393,0.298444002866745,4.0,0.2536231884057971,base
hn:TRAIN_000142:14.094558,0.13215661103979462,0.30922346769912884,0.257635235786438,5.0,0.26037735849056604,base
hn:TRAIN_000142:13.408128,0.09696731585938523,0.25811718316801185,0.24309583008289337,5.5,0.4351145038167939,base
hn:TRAIN_000142:13.952605,0.10785959862477013,0.26928042295515325,0.24635371565818787,5.0,0.3316062176165803,base
hn:TRAIN_000142:15.386545,0.10705687334727869,0.30617299334880604,0.26427504420280457,5.5,0.3063583815028902,base
hn:TRAIN_000152:18.613972,0.24957806775614375,0.4508442159060624,0.4137241244316101,4.5,0.42857142857142855,base
hn:TRAIN_000152:19.229812,0.25816925010473396,0.44282795385064444,0.41352856159210205,4.0,0.3894736842105263,base
hn:TRAIN_000245:17.208634,0.12482401697368682,0.279688294087752,0.13505111634731293,5.0,0.14102564102564102,base
hn:TRAIN_000245:13.458645,0.1172735468192686,0.2434265809053825,0.15181849896907806,4.5,0.14393939393939395,base
hn:TRAIN_000245:20.828588,0.15317510216912922,0.3096122878731574,0.22252671420574188,5.5,0.16556291390728478,base
hn:TRAIN_000245:12.168754,0.1235632183908046,0.34325994229080414,0.30004578828811646,3.0,0.10559006211180125,base
hn:TRAIN_000245:15.994398,0.12538939244729386,0.3027974271614746,0.1387401521205902,3.5,0.10810810810810811,base
hn:TRAIN_000304:18.315232,0.08521042501170473,0.2533576286894645,0.2495305985212326,5.5,0.4444444444444444,base
hn:TRAIN_000304:20.228764,0.0026383981154299175,0.1484221604385593,0.08565462380647659,5.5,0.23529411764705882,base
hn:TRAIN_000304:16.767688,0.111444563096071,0.3228430436166826,0.2973994314670563,5.0,0.5478260869565217,base
hn:TRAIN_000304:16.263368,0.1336437168787144,0.33378418500313395,0.3046693503856659,4.0,0.28957528957528955,base
hn:TRAIN_000337:14.103946,0.09251101321585903,0.26832948276674995,0.20044896006584167,2.5,0.10876132930513595,base
hn:TRAIN_000337:18.035521,0.07978672024418987,0.2568089094718271,0.1506977677345276,4.5,0.19117647058823528,base
hn:TRAIN_000337:17.268263,0.015602395297306206,0.1938740157480315,0.10681884735822678,4.5,0.1724137931034483,base
hn:TRAIN_000337:20.864616,0.06126015006681056,0.21192333652502865,0.1305866688489914,3.0,0.13541666666666666,base
hn:TRAIN_000337:17.192940,0.11521725807440093,0.2929680711566109,0.19668056070804596,4.0,0.1518324607329843,base
hn:TRAIN_000417:14.370595,0.025341309453904875,0.07701111581455874,0.03783334791660309,3.5,0.06818181818181818,base
hn:TRAIN_000417:20.645957,0.008109711874464298,0.08341942957327572,0.05090717226266861,4.5,0.1111111111111111,base
hn:TRAIN_000417:12.591665,0.005691690132406686,0.0993728288718779,0.03397935628890991,2.5,0.043209876543209874,base
hn:TRAIN_000417:15.736803,0.006221942191068757,0.1320365411875886,0.04913613945245743,3.0,0.03289473684210526,base
hn:TRAIN_000417:16.547414,0.00986681673232039,0.09585772810748874,0.018212798982858658,3.5,0.06363636363636363,base
hn:TRAIN_000420:12.917908,0.20604929051530993,0.3065049955148628,0.2621713876724243,6.0,0.2736842105263158,base
hn:TRAIN_000420:19.460724,0.11152531277276695,0.2572537138087215,0.21997371315956116,7.0,0.33707865168539325,base
hn:TRAIN_000420:17.495778,0.12663229327238257,0.1925483108577784,0.16112187504768372,6.5,0.3384615384615385,base
hn:TRAIN_000006:19.355620,0.2532187944151827,0.4084134303156254,0.3791220784187317,3.5,0.3755656108597285,base
hn:TRAIN_000006:16.682342,0.20983872603712345,0.3674343030340906,0.34397175908088684,4.0,0.32620320855614976,base
hn:TRAIN_000006:13.182035,0.22737804625760272,0.41780347963621983,0.3742184638977051,4.0,0.40512820512820513,base
hn:TRAIN_000006:16.254219,0.208863241638187,0.4079446236136238,0.3742729127407074,5.0,0.5315315315315315,base
hn:TRAIN_000006:12.950000,0.23064570655848546,0.3928354971450445,0.36729568243026733,4.0,0.37037037037037035,base
hn:TRAIN_000006:15.106732,0.2449500364540893,0.3985941161155949,0.36172327399253845,3.5,0.3817427385892116,base
hn:TRAIN_000011:16.508909,0.18291661080573804,0.26582118745662187,0.25726163387298584,6.0,0.5106382978723404,base
hn:TRAIN_000011:13.896889,0.2482525993671106,0.31462986598596043,0.2733631432056427,7.0,0.3181818181818182,base
hn:TRAIN_000011:17.890558,0.15365336417967998,0.25466753234413847,0.2003575563430786,5.0,0.37037037037037035,base
hn:TRAIN_000026:13.632854,0.12216220606749786,0.22151106163907056,0.15797671675682068,4.0,0.15730337078651685,base
hn:TRAIN_000026:16.121990,0.09568592020697728,0.2174074590125865,0.16343681514263153,4.0,0.15873015873015872,base
hn:TRAIN_000026:18.554790,0.1052190847127556,0.26198844897263984,0.2149817794561386,4.5,0.2251655629139073,base
hn:TRAIN_000026:18.174668,0.10656789231186195,0.2480771314050482,0.20152269303798676,6.0,0.34523809523809523,base
hn:TRAIN_000080:13.614028,0.1667429412818115,0.29511982504167494,0.30172199010849,5.5,0.30994152046783624,base
hn:TRAIN_000080:19.398539,0.20539832938536343,0.3615718374003754,0.3180963099002838,4.5,0.2837209302325581,base
hn:TRAIN_000080:18.221005,0.1539529487837812,0.28444028304348495,0.24558401107788086,5.5,0.3333333333333333,base
hn:TRAIN_000142:20.583634,0.038434758390196354,0.16915913786192224,0.18223488330841064,6.0,0.2727272727272727,base
hn:TRAIN_000142:13.603316,0.09721123226864807,0.27886424627533235,0.253704696893692,5.5,0.391304347826087,base
hn:TRAIN_000142:19.946966,0.03293762954588279,0.17518958407339336,0.12306191772222519,5.0,0.10317460317460317,base
hn:TRAIN_000142:15.044093,0.11077950826152265,0.2551407343465795,0.23038426041603088,5.0,0.35795454545454547,base
hn:TRAIN_000142:14.898775,0.13085280852808528,0.3108435240281747,0.26528188586235046,5.0,0.28773584905660377,base
hn:TRAIN_000142:20.213312,0.07337542803982502,0.26183792454576305,0.22043390572071075,5.5,0.21176470588235294,base
hn:TRAIN_000152:19.598362,0.20692086002778295,0.3849831052148051,0.3446709215641022,4.0,0.352112676056338,base
hn:TRAIN_000152:15.718855,0.2608724114604927,0.43157117728357836,0.39458417892456055,3.5,0.3620689655172414,base
hn:TRAIN_000152:20.770790,0.21424640898654673,0.4142777364110201,0.3891701102256775,5.5,0.576271186440678,base
hn:TRAIN_000152:20.026734,0.22192941360193644,0.4223553021374192,0.37382811307907104,5.0,0.512987012987013,base
hn:TRAIN_000152:19.210832,0.1966690014787143,0.4114463203862595,0.3763906955718994,4.5,0.4899328859060403,base
hn:TRAIN_000245:20.592059,0.11762280598421487,0.281829833984375,0.23317217826843262,4.5,0.13533834586466165,base
hn:TRAIN_000245:16.685345,0.12496217241309743,0.28983357285244077,0.24462629854679108,3.5,0.12179487179487179,base
hn:TRAIN_000245:18.270653,0.11596741034036397,0.24287348503586445,0.19647316634655,4.5,0.2288135593220339,base
hn:TRAIN_000245:18.420815,0.09631228638244288,0.162183641031911,0.15153536200523376,4.5,0.175,base
hn:TRAIN_000304:15.707551,0.1079972404020063,0.32008541560428355,0.28144487738609314,5.0,0.4628099173553719,base
hn:TRAIN_000304:16.009012,0.11362187844023408,0.2947443406680386,0.2585282623767853,5.0,0.352112676056338,base
hn:TRAIN_000304:15.081342,0.14368160054719561,0.3378299213097104,0.30497226119041443,4.0,0.30708661417322836,base
hn:TRAIN_000304:14.560223,0.1024790536265506,0.29987482769001633,0.27265357971191406,4.5,0.41843971631205673,base
hn:TRAIN_000304:12.538930,0.09415772968368888,0.2578827591618928,0.2392215132713318,4.5,0.39634146341463417,base
hn:TRAIN_000304:18.315737,0.11735335523228531,0.32699595554281713,0.2846347689628601,5.0,0.47692307692307695,base
hn:TRAIN_000337:17.578450,0.01720104067231924,0.20780186738407977,0.10574216395616531,4.0,0.0761904761904762,base
hn:TRAIN_000337:14.116288,0.0925290140489079,0.2613686673834672,0.16639168560504913,3.5,0.15,base
hn:TRAIN_000337:13.005602,0.11218770779899306,0.27745255405533,0.1808491200208664,2.5,0.09826589595375723,base
hn:TRAIN_000337:13.308352,0.07482096169148574,0.22965650400174395,0.16587819159030914,3.0,0.1054421768707483,base
hn:TRAIN_000337:20.821295,0.08047751974817366,0.2613233277104255,0.18329481780529022,4.0,0.21893491124260356,base
hn:TRAIN_000417:17.000143,0.0024172029508711347,0.09761118969039762,0.05830392241477966,5.0,0.2631578947368421,base
hn:TRAIN_000417:20.460968,0.004517569301622458,0.1013853209563285,0.034002579748630524,4.0,0.09375,base
hn:TRAIN_000417:14.289043,0.012224366847985026,0.10476882034444111,0.03194013237953186,3.0,0.03759398496240601,base
hn:TRAIN_000417:19.500561,0.0013239669164031712,0.055919236532849595,0.021825941279530525,5.5,0.15384615384615385,base
hn:TRAIN_000417:20.743230,0.014642890838758374,0.13888496159102692,0.05262298882007599,3.5,0.06896551724137931,base
hn:TRAIN_000420:19.120604,0.1713389634509584,0.30583005483101516,0.25918859243392944,7.5,0.48333333333333334,base
hn:TRAIN_000420:18.732317,0.17829131652661065,0.2748921430670027,0.24978473782539368,7.0,0.4166666666666667,base
hn:TRAIN_000420:20.124694,0.10385190992018244,0.14504571287373363,0.11460482329130173,7.0,0.16666666666666666,base
hn:TRAIN_000420:14.966883,0.1743350107836089,0.2846584407953737,0.25520145893096924,6.5,0.36486486486486486,base
hn:TRAIN_000420:19.117605,0.13263260551552256,0.21352065655863126,0.13601841032505035,6.5,0.20224719101123595,base
main:TRAIN_000006:20.985140,0.22056140078425282,0.43707889931364524,0.4049561321735382,5.0,0.45695364238410596,hn
main:TRAIN_000006:19.822108,0.21750178820163385,0.4276601256395311,0.40266770124435425,5.0,0.6695652173913044,hn
main:TRAIN_000011:17.782586,0.2799232513518228,0.3540126211116777,0.2649209499359131,6.5,0.28,hn
main:TRAIN_000011:19.093974,0.21443379748281885,0.3540706482736624,0.290178120136261,8.0,0.5625,hn
main:TRAIN_000011:19.458812,0.2686360361358976,0.38667950569731985,0.22940903902053833,6.5,0.25217391304347825,hn
main:TRAIN_000080:16.244547,0.14432928517742,0.26780491539698337,0.2436337172985077,4.5,0.27325581395348836,hn
main:TRAIN_000142:17.452770,0.11947109758951556,0.26599817119476776,0.22587597370147705,5.5,0.3076923076923077,hn
main:TRAIN_000337:14.627076,0.07806987029766933,0.2760402673957362,0.17874842882156372,2.0,0.09207161125319693,hn
main:TRAIN_000337:19.126349,0.08672627404615878,0.27694981057641127,0.18049418926239014,2.5,0.12149532710280374,hn
main:TRAIN_000417:19.553461,0.042554023662853234,0.15619881567342825,0.090144582092762,3.5,0.08450704225352113,hn
main:TRAIN_000420:20.197856,0.1730817610062893,0.284514954165252,0.263840913772583,8.0,0.6153846153846154,hn
main:TRAIN_000006:12.861915,0.23145081697554556,0.41786806808377125,0.3784448802471161,3.5,0.313953488372093,hn
main:TRAIN_000011:17.429886,0.20783308931185945,0.2609452061353806,0.22287915647029877,5.5,0.2037037037037037,hn
main:TRAIN_000026:18.642334,0.10352936603568236,0.18126524437308963,0.14605465531349182,4.5,0.1836734693877551,hn
main:TRAIN_000080:20.312200,0.1744512988375509,0.2904704944178628,0.24808557331562042,5.5,0.200836820083682,hn
main:TRAIN_000152:17.716896,0.27243296345084733,0.37551719218148094,0.32026973366737366,3.0,0.3143939393939394,hn
main:TRAIN_000245:18.565306,0.11521171984748144,0.20623852644894558,0.14027023315429688,4.0,0.10191082802547771,hn
main:TRAIN_000245:14.528073,0.11980942210539286,0.30044627638144233,0.12454105168581009,3.0,0.12790697674418605,hn
main:TRAIN_000304:14.279672,0.12201567546811827,0.29257558362035974,0.23061102628707886,3.5,0.24842767295597484,hn
main:TRAIN_000304:19.471671,0.11524209926247907,0.316247582205029,0.2798059582710266,5.5,0.5789473684210527,hn
main:TRAIN_000337:14.878885,0.056356150283067424,0.20073535163889542,0.11951541155576706,3.0,0.10526315789473684,hn
main:TRAIN_000337:14.984309,0.09029980126009557,0.18061493963782696,0.1051597073674202,3.0,0.14027149321266968,hn
main:TRAIN_000417:13.936304,0.03244516947616458,0.15512956484574106,0.06336570531129837,3.0,0.04294478527607362,hn
main:TRAIN_000417:17.346966,0.01070546808596754,0.11023423195908832,0.029719244688749313,2.5,0.03428571428571429,hn
main:TRAIN_000420:14.623520,0.19290725612686208,0.266578187934999,0.2465570569038391,5.0,0.2463768115942029,hn
main:TRAIN_000420:17.120466,0.1744340878828229,0.23909521531838732,0.20908215641975403,5.0,0.19161676646706588,hn
hn:TRAIN_000006:14.042686,0.2522969455629463,0.4125911008822401,0.38468214869499207,3.5,0.3230240549828179,hn
hn:TRAIN_000006:16.761196,0.25220044111887535,0.42425365590673225,0.3952059745788574,4.5,0.4368932038834951,hn
hn:TRAIN_000006:13.777418,0.24118353532044984,0.39900479174345743,0.39318734407424927,3.5,0.32270916334661354,hn
hn:TRAIN_000006:17.903086,0.20855749021422648,0.4103937257387309,0.3790893256664276,5.0,0.43356643356643354,hn
hn:TRAIN_000006:13.101672,0.24738125338631028,0.42467255653033487,0.39593273401260376,3.5,0.3129251700680272,hn
hn:TRAIN_000011:17.833356,0.21526126805594267,0.3341530748238878,0.288869172334671,8.0,0.5454545454545454,hn
hn:TRAIN_000011:16.408718,0.21511494441347195,0.2875812816539119,0.24663405120372772,7.5,0.5238095238095238,hn
hn:TRAIN_000011:19.699922,0.22088560272493146,0.37371392223900773,0.33642342686653137,8.5,0.5217391304347826,hn
hn:TRAIN_000011:19.988543,0.21762418862320412,0.3212573510611097,0.25969985127449036,7.5,0.45161290322580644,hn
hn:TRAIN_000011:14.302943,0.25718229034249807,0.3470956040284473,0.2811433970928192,6.0,0.2903225806451613,hn
hn:TRAIN_000026:16.280679,0.09333305752642575,0.21276990370793986,0.14068393409252167,3.5,0.1414141414141414,hn
hn:TRAIN_000026:16.754664,0.08360359069000735,0.19073081024277921,0.15165936946868896,5.5,0.35,hn
hn:TRAIN_000026:14.638376,0.09437887577515502,0.17587413126223167,0.14241597056388855,4.0,0.1566265060240964,hn
hn:TRAIN_000026:12.176095,0.09829980587494934,0.22766079424843894,0.12332399934530258,3.0,0.12556053811659193,hn
hn:TRAIN_000026:14.398497,0.08987082222677875,0.20251106913954856,0.1330251395702362,4.0,0.15025906735751296,hn
hn:TRAIN_000026:15.281352,0.08956842333550206,0.19448736172053643,0.16090291738510132,4.5,0.20915032679738563,hn
hn:TRAIN_000080:16.752355,0.20546804828356738,0.35672263757813455,0.30901235342025757,4.0,0.25357142857142856,hn
hn:TRAIN_000080:18.357169,0.20700112641885451,0.36137244050913114,0.30578500032424927,4.0,0.24444444444444444,hn
hn:TRAIN_000080:16.324558,0.19840609263806233,0.34098798808024333,0.3023439049720764,5.0,0.2850678733031674,hn
hn:TRAIN_000142:19.576889,0.12236402905949342,0.2639356412711158,0.22398801147937775,5.5,0.3072289156626506,hn
hn:TRAIN_000142:16.246233,0.1141550630304029,0.2329546330409582,0.20404662191867828,4.5,0.21904761904761905,hn
hn:TRAIN_000142:16.471949,0.12147301539560501,0.2875105038747627,0.2581876814365387,6.0,0.4263565891472868,hn
hn:TRAIN_000142:12.582066,0.14607845377076145,0.3176983653876322,0.2467481791973114,4.5,0.21839080459770116,hn
hn:TRAIN_000152:15.501037,0.24777747704607442,0.40578848560700875,0.377836138010025,4.0,0.4148936170212766,hn
hn:TRAIN_000152:19.396687,0.23767200717265038,0.4278557743647728,0.3830934464931488,4.5,0.4420289855072464,hn
hn:TRAIN_000152:15.976716,0.255637985331727,0.40537092455504803,0.37488946318626404,4.0,0.36683417085427134,hn
hn:TRAIN_000152:18.643530,0.262139805089562,0.3798343195266272,0.3411150872707367,4.0,0.29767441860465116,hn
hn:TRAIN_000245:14.721869,0.11737194673637774,0.2592280043756837,0.2182038128376007,3.0,0.11515151515151516,hn
hn:TRAIN_000245:18.596190,0.09778102033916401,0.16350448147349617,0.14391078054904938,5.0,0.2465753424657534,hn
hn:TRAIN_000245:16.169439,0.12613435653815702,0.2848139301949303,0.12993106245994568,4.0,0.13664596273291926,hn
hn:TRAIN_000245:15.527888,0.13031063950427282,0.2968307337878646,0.2606051564216614,4.0,0.11875,hn
hn:TRAIN_000304:20.183808,0.05508809055944643,0.2034880980438369,0.19057072699069977,5.5,0.38461538461538464,hn
hn:TRAIN_000304:18.664347,0.1117402630955713,0.2535553569468617,0.21456168591976166,4.0,0.20727272727272728,hn
hn:TRAIN_000304:13.288311,0.13061505080667685,0.3011284272643094,0.27454137802124023,4.0,0.2958801498127341,hn
hn:TRAIN_000304:14.904989,0.1516782325449653,0.33484322796196353,0.2655058205127716,3.5,0.23450134770889489,hn
hn:TRAIN_000304:16.703429,0.11644381104078468,0.27562817219124003,0.23364292085170746,4.0,0.25925925925925924,hn
hn:TRAIN_000337:20.982486,0.0531790994689986,0.1699406909969561,0.10492338240146637,4.5,0.15428571428571428,hn
hn:TRAIN_000337:20.525086,0.03947629438603452,0.14077783497917348,0.05939135700464249,3.0,0.06375838926174497,hn
hn:TRAIN_000337:19.677001,0.08844996237772762,0.2394550117210239,0.18488115072250366,4.5,0.2920353982300885,hn
hn:TRAIN_000337:16.019492,0.15913428174878558,0.31890837588405063,0.23814621567726135,3.5,0.20901639344262296,hn
hn:TRAIN_000417:20.910865,0.08797568032816906,0.20838211562193462,0.13058610260486603,4.5,0.22549019607843138,hn
hn:TRAIN_000417:12.969248,0.005206012235141596,0.17390338348251128,0.09344714879989624,2.5,0.029940119760479042,hn
hn:TRAIN_000417:15.459680,0.00510782072940475,0.06228313943447475,0.010633254423737526,3.0,0.03468208092485549,hn
hn:TRAIN_000417:15.191416,0.009397877765896191,0.11584257048433769,0.04573475942015648,2.5,0.015384615384615385,hn
hn:TRAIN_000417:13.101138,0.010179321773095816,0.06371497096692755,0.011009914800524712,3.0,0.027972027972027972,hn
hn:TRAIN_000417:18.513082,0.0025587851623908755,0.015704504051762044,0.004870061296969652,3.5,0.14705882352941177,hn
hn:TRAIN_000420:18.665227,0.1663837885100036,0.2409783666095335,0.22065995633602142,7.0,0.42592592592592593,hn
hn:TRAIN_000420:20.816163,0.11534444947262158,0.24890316999320275,0.21800599992275238,7.5,0.30303030303030304,hn
hn:TRAIN_000420:18.975794,0.2074520567604901,0.31429900023250407,0.2618087828159332,6.5,0.2898550724637681,hn
hn:TRAIN_000420:19.551895,0.15903452255024522,0.21072051626449292,0.1740638017654419,5.5,0.16783216783216784,hn
hn:TRAIN_000420:19.466890,0.19217338085466393,0.29667930954408234,0.255893349647522,6.0,0.3,hn
hn:TRAIN_000006:15.693489,0.20322560737281686,0.3769827255278311,0.39530983567237854,4.0,0.3298429319371728,hn
hn:TRAIN_000006:20.351807,0.20136219443926107,0.42289039767216297,0.38728412985801697,6.0,0.6605504587155964,hn
hn:TRAIN_000006:14.816491,0.23156259707983845,0.3887680348059759,0.3467438817024231,4.0,0.32653061224489793,hn
hn:TRAIN_000006:15.493751,0.2303827905279203,0.407769703745109,0.3765336871147156,4.0,0.3305785123966942,hn
hn:TRAIN_000006:18.881597,0.189419795221843,0.3750057935637369,0.35998719930648804,4.5,0.36419753086419754,hn
hn:TRAIN_000011:13.973990,0.22134111194564288,0.3052751097063246,0.2973463535308838,6.0,0.29310344827586204,hn
hn:TRAIN_000011:18.874419,0.214530152440522,0.3523824855119124,0.283941388130188,8.0,0.6111111111111112,hn
hn:TRAIN_000011:19.903306,0.2421589706835944,0.36528526777761583,0.3164197504520416,8.0,0.41304347826086957,hn
hn:TRAIN_000011:14.386281,0.2779644986404094,0.3533385377666608,0.29189708828926086,7.5,0.3870967741935484,hn
hn:TRAIN_000026:18.714808,0.10084172305661,0.20567748312663134,0.12963362038135529,3.5,0.13432835820895522,hn
hn:TRAIN_000026:20.533480,0.09326978834444767,0.18562533630563455,0.1564684808254242,5.0,0.23,hn
hn:TRAIN_000026:17.234135,0.10736050652948159,0.24251162790697675,0.14213451743125916,4.5,0.19230769230769232,hn
hn:TRAIN_000026:19.426155,0.11921039138608786,0.22125920881569988,0.16442394256591797,3.5,0.13026819923371646,hn
hn:TRAIN_000080:19.309472,0.19338514713464586,0.3473452005269769,0.30789241194725037,5.5,0.3252032520325203,hn
hn:TRAIN_000080:12.958105,0.19307049505814589,0.30287314117863046,0.2708267569541931,3.5,0.21532846715328466,hn
hn:TRAIN_000080:19.991242,0.192722371967655,0.30833333333333335,0.27537086606025696,5.5,0.2945205479452055,hn
hn:TRAIN_000080:16.357493,0.1998621208322888,0.33564700812607734,0.2942383289337158,4.5,0.2602739726027397,hn
hn:TRAIN_000142:18.342945,0.097336526859839,0.2463595977046955,0.23279531300067902,6.0,0.36633663366336633,hn
hn:TRAIN_000142:19.204238,0.12320480944075407,0.30344688633334366,0.2658320963382721,5.5,0.425,hn
hn:TRAIN_000142:15.102710,0.12372695565520678,0.2739314319354289,0.23683500289916992,5.5,0.30337078651685395,hn
hn:TRAIN_000142:18.408174,0.12797730451742548,0.2650807136788445,0.23480822145938873,5.0,0.3089887640449438,hn
hn:TRAIN_000152:18.094124,0.2454549417970964,0.43378598587724065,0.3869745135307312,4.0,0.3488372093023256,hn
hn:TRAIN_000152:16.482801,0.2291627974163726,0.3871250685253348,0.35343265533447266,4.5,0.357487922705314,hn
hn:TRAIN_000152:19.425652,0.25081952285558184,0.3762607160867373,0.3323437571525574,3.5,0.26666666666666666,hn
hn:TRAIN_000245:16.654602,0.13098971773393148,0.23845927668332842,0.13776230812072754,4.0,0.14285714285714285,hn
hn:TRAIN_000245:16.182623,0.09724047306176084,0.17311293243699544,0.1517578512430191,5.0,0.2535211267605634,hn
hn:TRAIN_000245:15.474254,0.10141738157403954,0.1796877410595822,0.14259548485279083,4.5,0.17346938775510204,hn
hn:TRAIN_000245:17.488537,0.13630127168103537,0.26522194272143496,0.22072210907936096,3.5,0.14035087719298245,hn
hn:TRAIN_000245:12.665008,0.1181983379953856,0.2502971091663966,0.13029012084007263,3.0,0.1032258064516129,hn
hn:TRAIN_000304:12.645483,0.1324531326535156,0.2896595108909334,0.257943332195282,4.0,0.2694805194805195,hn
hn:TRAIN_000304:17.192284,0.09008749504914845,0.24599861913130805,0.23564784228801727,5.0,0.4845360824742268,hn
hn:TRAIN_000304:16.949648,0.13000529941706412,0.2781405888554928,0.24563586711883545,4.0,0.2727272727272727,hn
hn:TRAIN_000304:18.019796,0.13783311949182844,0.32004434940999443,0.28354716300964355,4.0,0.33189655172413796,hn
hn:TRAIN_000304:12.855468,0.15685988222124883,0.3274191703834403,0.23797659575939178,3.5,0.21875,hn
hn:TRAIN_000304:19.764476,0.06825897396129521,0.2443364168397206,0.23515860736370087,5.5,0.4745762711864407,hn
hn:TRAIN_000337:13.575411,0.05845217435046153,0.22791527806295706,0.12142447382211685,2.0,0.0651685393258427,hn
hn:TRAIN_000337:16.677072,0.11494659698944432,0.24578695843551532,0.17364700138568878,4.0,0.18446601941747573,hn
hn:TRAIN_000337:16.641341,0.0818545163868905,0.18994733581164808,0.11462727189064026,3.0,0.11726384364820847,hn
hn:TRAIN_000337:16.668815,0.11085144154063954,0.19314144970554337,0.10380299389362335,3.0,0.10676156583629894,hn
hn:TRAIN_000337:18.287580,0.1057334899755407,0.30301591071004513,0.2169899195432663,5.0,0.2631578947368421,hn
hn:TRAIN_000417:19.793804,0.07746884344644415,0.21111093529960917,0.14151978492736816,4.5,0.12244897959183673,hn
hn:TRAIN_000417:17.986025,0.012239550618258824,0.07056953058590183,0.024215007200837135,4.0,0.07142857142857142,hn
hn:TRAIN_000417:14.158561,0.009266830198964295,0.1625130790449919,0.07403664290904999,2.5,0.0136986301369863,hn
hn:TRAIN_000417:20.672901,0.041847119965352966,0.13398388851228857,0.09647996723651886,4.5,0.11458333333333333,hn
hn:TRAIN_000417:15.306421,0.0025335847277869433,0.039636311976132974,0.005264087580144405,2.5,0.03496503496503497,hn
hn:TRAIN_000420:14.059756,0.1758730507357786,0.2647735519834468,0.24885018169879913,6.0,0.25609756097560976,hn
hn:TRAIN_000420:13.966892,0.19647397157504273,0.2742199820649989,0.24686501920223236,5.0,0.19230769230769232,hn
hn:TRAIN_000420:16.852866,0.19009021708486046,0.2813413106998748,0.25317180156707764,7.0,0.3225806451612903,hn
hn:TRAIN_000420:15.348600,0.1979262928325879,0.2866444977186606,0.2506076395511627,6.0,0.26136363636363635,hn
hn:TRAIN_000420:16.865542,0.17693809258226437,0.26710304380793215,0.23058238625526428,5.5,0.18435754189944134,hn
hn:TRAIN_000006:14.175666,0.24740790504982646,0.4049334276709333,0.3716644048690796,3.5,0.3,hn
hn:TRAIN_000006:16.317548,0.19647079176518079,0.3727955354203571,0.36662569642066956,5.0,0.41843971631205673,hn
hn:TRAIN_000006:20.655428,0.15662976940717602,0.3602324179814869,0.34607213735580444,5.5,0.5833333333333334,hn
hn:TRAIN_000006:13.030815,0.24467943602021813,0.4101036520391359,0.36641231179237366,3.5,0.3062730627306273,hn
hn:TRAIN_000006:15.300463,0.25480648140374446,0.4014881338347815,0.37069568037986755,4.0,0.33495145631067963,hn
hn:TRAIN_000006:20.517907,0.24691302082153296,0.4207435753637053,0.35427576303482056,3.5,0.3111111111111111,hn
hn:TRAIN_000011:20.768359,0.21477410062414118,0.38142050425514995,0.3492144048213959,8.0,0.45454545454545453,hn
hn:TRAIN_000011:14.038084,0.23387774816192913,0.2993075755659542,0.26597684621810913,6.0,0.2236842105263158,hn
hn:TRAIN_000011:17.749351,0.2774280342882768,0.3366958901494057,0.26763349771499634,6.5,0.3617021276595745,hn
hn:TRAIN_000011:18.610119,0.1830539193475306,0.2623166783061393,0.24577417969703674,7.5,0.6,hn
hn:TRAIN_000011:18.931477,0.25640806122973137,0.33390024477858665,0.2698674201965332,7.0,0.32432432432432434,hn
hn:TRAIN_000011:20.420593,0.26300380097935144,0.3694903305401118,0.320406049489975,7.0,0.4358974358974359,hn
hn:TRAIN_000026:18.899121,0.11424562439997046,0.25258898672950514,0.1767786145210266,5.0,0.3235294117647059,hn
hn:TRAIN_000026:15.354459,0.08639960055308035,0.18088784613959807,0.13870622217655182,4.5,0.18181818181818182,hn
hn:TRAIN_000026:19.619500,0.10503904832827328,0.18468677494199537,0.14982521533966064,4.5,0.171875,hn
hn:TRAIN_000026:17.578289,0.09322570757126801,0.20486229173750425,0.1625293493270874,5.0,0.1650943396226415,hn
hn:TRAIN_000080:13.142190,0.2083296780419335,0.32845319503725123,0.2982405424118042,3.5,0.2509090909090909,hn
hn:TRAIN_000080:20.656179,0.20622378511206202,0.34337257065783827,0.29259371757507324,4.5,0.24675324675324675,hn
hn:TRAIN_000080:16.702548,0.17014211452177178,0.2890419997851673,0.2412918508052826,5.0,0.2727272727272727,hn
hn:TRAIN_000080:19.645622,0.10846596228433864,0.22036651139985292,0.19857093691825867,6.5,0.1984732824427481,hn
hn:TRAIN_000080:14.940451,0.20530888691249916,0.3516530964717493,0.28818416595458984,4.0,0.22727272727272727,hn
hn:TRAIN_000142:14.094558,0.13943345323741008,0.3076118844017227,0.23549418151378632,4.5,0.23867069486404835,hn
hn:TRAIN_000142:13.408128,0.11292984869325998,0.2628546782094334,0.23714426159858704,5.0,0.3465909090909091,hn
hn:TRAIN_000142:13.952605,0.12330451000339097,0.2747203785644051,0.24162594974040985,4.5,0.26877470355731226,hn
hn:TRAIN_000142:15.386545,0.12621440013314195,0.30529982582732024,0.26704904437065125,5.0,0.25862068965517243,hn
hn:TRAIN_000152:18.613972,0.26099353694081867,0.44161871462393576,0.3982563316822052,4.0,0.3891625615763547,hn
hn:TRAIN_000152:19.229812,0.2682034799955669,0.4392471884324076,0.3978395462036133,3.5,0.3305785123966942,hn
hn:TRAIN_000245:17.208634,0.13286614712338146,0.2799050437785177,0.14268125593662262,4.5,0.14201183431952663,hn
hn:TRAIN_000245:13.458645,0.12104420884176835,0.2187883059573425,0.14579498767852783,4.0,0.11333333333333333,hn
hn:TRAIN_000245:20.828588,0.16273972602739725,0.29633515932412624,0.24907861649990082,5.5,0.20408163265306123,hn
hn:TRAIN_000245:12.168754,0.1204545919097357,0.3146513819095477,0.11652722954750061,3.0,0.12658227848101267,hn
hn:TRAIN_000245:15.994398,0.12081947476891057,0.2673683245753391,0.13793590664863586,3.0,0.09937888198757763,hn
hn:TRAIN_000304:18.315232,0.09716120007890537,0.27199372056514914,0.2593352496623993,5.0,0.5208333333333334,hn
hn:TRAIN_000304:20.228764,0.02305146822592045,0.18054705522338874,0.18912555277347565,6.0,0.41379310344827586,hn
hn:TRAIN_000304:16.767688,0.12735155221800729,0.3218290258449304,0.29023975133895874,4.5,0.46153846153846156,hn
hn:TRAIN_000304:16.263368,0.14004919653325365,0.3279658661784179,0.25770777463912964,4.0,0.25958702064896755,hn
hn:TRAIN_000337:14.103946,0.07672158437171045,0.24530555162714687,0.16681337356567383,2.0,0.08465608465608465,hn
hn:TRAIN_000337:18.035521,0.1298249893286176,0.28018966006111967,0.19329199194908142,4.0,0.21468926553672316,hn
hn:TRAIN_000337:17.268263,0.07693068915014052,0.21869688385269123,0.14323079586029053,4.5,0.16455696202531644,hn
hn:TRAIN_000337:20.864616,0.08335196529982561,0.178387086683142,0.10834894329309464,3.0,0.11510791366906475,hn
hn:TRAIN_000337:17.192940,0.14324278001542548,0.3198968941742046,0.23588420450687408,3.5,0.17083333333333334,hn
hn:TRAIN_000417:14.370595,0.011998250651252115,0.04638407897829664,0.008880391716957092,3.0,0.05263157894736842,hn
hn:TRAIN_000417:20.645957,0.009757727652464495,0.07451115244541007,0.06748316437005997,5.0,0.1951219512195122,hn
hn:TRAIN_000417:12.591665,0.00577707752595645,0.0631201547340116,0.022347109392285347,2.5,0.04678362573099415,hn
hn:TRAIN_000417:15.736803,0.005225861744601685,0.07960183333070829,0.022499358281493187,2.5,0.022321428571428572,hn
hn:TRAIN_000417:16.547414,0.00682949415441602,0.04575470958229417,0.015992337837815285,3.0,0.045112781954887216,hn
hn:TRAIN_000420:12.917908,0.2035453243915304,0.2988854020127692,0.24485957622528076,5.5,0.25,hn
hn:TRAIN_000420:19.460724,0.161906931109398,0.27251514402274696,0.2457626610994339,7.5,0.36507936507936506,hn
hn:TRAIN_000420:17.495778,0.1705808363630098,0.2395316868232859,0.23420344293117523,7.0,0.4444444444444444,hn
hn:TRAIN_000006:19.355620,0.271157129237523,0.40646434580044,0.3597106635570526,3.5,0.3003533568904594,hn
hn:TRAIN_000006:16.682342,0.23514451365390004,0.3729522317932655,0.33615967631340027,3.5,0.2868525896414343,hn
hn:TRAIN_000006:13.182035,0.24992491526150942,0.4182099273050229,0.3748984634876251,4.0,0.354978354978355,hn
hn:TRAIN_000006:16.254219,0.22577545451051237,0.40631954418472516,0.37266141176223755,4.5,0.5073529411764706,hn
hn:TRAIN_000006:12.950000,0.25026048017025426,0.39792569462146316,0.36732855439186096,3.5,0.31851851851851853,hn
hn:TRAIN_000006:15.106732,0.25743534239779925,0.4106139084656534,0.35857492685317993,3.5,0.3435374149659864,hn
hn:TRAIN_000011:16.508909,0.20960460908819448,0.27995293607666466,0.2811085283756256,6.0,0.32894736842105265,hn
hn:TRAIN_000011:13.896889,0.2541081670713255,0.3168977013511142,0.2555212080478668,7.0,0.24489795918367346,hn
hn:TRAIN_000011:17.890558,0.20931395241181372,0.27125543816034803,0.2798904776573181,5.5,0.2543859649122807,hn
hn:TRAIN_000026:13.632854,0.09642252991667188,0.2036767889170635,0.13116517663002014,3.5,0.12380952380952381,hn
hn:TRAIN_000026:16.121990,0.09867937601041382,0.21579574099562346,0.1407715529203415,3.5,0.13953488372093023,hn
hn:TRAIN_000026:18.554790,0.12158545305955665,0.24760106481768093,0.18710115551948547,4.5,0.18137254901960784,hn
hn:TRAIN_000026:18.174668,0.11498384344479541,0.2454421642368527,0.20830178260803223,5.5,0.35294117647058826,hn
hn:TRAIN_000080:13.614028,0.1848104873183243,0.3127838867053084,0.29098671674728394,5.0,0.2670157068062827,hn
hn:TRAIN_000080:19.398539,0.20663511263037954,0.3535827695706199,0.2993314564228058,4.0,0.2517482517482518,hn
hn:TRAIN_000080:18.221005,0.18930889652539137,0.3098552637637561,0.27029138803482056,5.5,0.3064516129032258,hn
hn:TRAIN_000142:20.583634,0.04916496250852079,0.18639845261121857,0.17686566710472107,6.5,0.328125,hn
hn:TRAIN_000142:13.603316,0.1209794648158385,0.27930566689276687,0.24914120137691498,5.0,0.29439252336448596,hn
hn:TRAIN_000142:19.946966,0.05586669295996845,0.1838745039912301,0.14923515915870667,5.0,0.14792899408284024,hn
hn:TRAIN_000142:15.044093,0.11956632705147315,0.2571080922896836,0.23426391184329987,4.5,0.3,hn
hn:TRAIN_000142:14.898775,0.1380433610182289,0.30889962593516207,0.25400859117507935,5.0,0.24444444444444444,hn
hn:TRAIN_000142:20.213312,0.13831363991930504,0.28007161930634233,0.2382788211107254,6.0,0.23076923076923078,hn
hn:TRAIN_000152:19.598362,0.24210014584346135,0.3941864807668368,0.35782599449157715,4.0,0.2978723404255319,hn
hn:TRAIN_000152:15.718855,0.26681669854844153,0.4270332476786531,0.3781469762325287,3.5,0.33204633204633205,hn
hn:TRAIN_000152:20.770790,0.240248586262135,0.4209971474637232,0.3908187448978424,5.0,0.5307692307692308,hn
hn:TRAIN_000152:20.026734,0.2434378490505824,0.41735438629967087,0.3587722182273865,4.5,0.4484848484848485,hn
hn:TRAIN_000152:19.210832,0.22953058437455412,0.4132096907912918,0.37540203332901,4.5,0.4034090909090909,hn
hn:TRAIN_000245:20.592059,0.12527838526514315,0.2539520263671875,0.15038998425006866,4.5,0.13157894736842105,hn
hn:TRAIN_000245:16.685345,0.12110144451739988,0.2480814070196569,0.13569076359272003,3.0,0.10982658959537572,hn
hn:TRAIN_000245:18.270653,0.12677903721540298,0.22450179477658125,0.1604607105255127,4.0,0.14788732394366197,hn
hn:TRAIN_000245:18.420815,0.1015917947209764,0.15856667739512928,0.14544615149497986,4.5,0.14893617021276595,hn
hn:TRAIN_000304:15.707551,0.1251656283990903,0.3154628979774134,0.26192376017570496,4.5,0.4301675977653631,hn
hn:TRAIN_000304:16.009012,0.13640622453967738,0.30045381951582045,0.259960800409317,4.5,0.32673267326732675,hn
hn:TRAIN_000304:15.081342,0.15188922039765868,0.3361372440509131,0.3007628321647644,4.0,0.2656716417910448,hn
hn:TRAIN_000304:14.560223,0.11981946705685963,0.3043498937890365,0.2713988125324249,4.5,0.3456221198156682,hn
hn:TRAIN_000304:12.538930,0.12499194085663322,0.27062296832550764,0.24335286021232605,4.0,0.2932330827067669,hn
hn:TRAIN_000304:18.315737,0.1369505467344235,0.3291400944671512,0.2848496437072754,5.0,0.3988439306358382,hn
hn:TRAIN_000337:17.578450,0.09493607570876933,0.2588699080157687,0.18205755949020386,4.0,0.17682926829268292,hn
hn:TRAIN_000337:14.116288,0.1320437530819922,0.25676872469635625,0.1665329784154892,3.0,0.15517241379310345,hn
hn:TRAIN_000337:13.005602,0.08166822131670676,0.2681209639313278,0.17965173721313477,2.0,0.09259259259259259,hn
hn:TRAIN_000337:13.308352,0.07603664646657442,0.2188565822055411,0.15291236340999603,2.5,0.09798270893371758,hn
hn:TRAIN_000337:20.821295,0.12779392393417943,0.2721938173523165,0.20084503293037415,4.0,0.21982758620689655,hn
hn:TRAIN_000417:17.000143,0.029717706322985836,0.07680931403398364,0.05768079683184624,4.5,0.2413793103448276,hn
hn:TRAIN_000417:20.460968,0.018242000735564545,0.10366093482057172,0.07511422783136368,4.0,0.07216494845360824,hn
hn:TRAIN_000417:14.289043,0.011542224973540747,0.0748505355480889,0.021765371784567833,2.5,0.026143790849673203,hn
hn:TRAIN_000417:19.500561,0.003469278829550093,0.0672468978130962,0.053734347224235535,5.5,0.2222222222222222,hn
hn:TRAIN_000417:20.743230,0.01995108517726809,0.11116863557208076,0.04152657091617584,3.5,0.0661764705882353,hn
hn:TRAIN_000420:19.120604,0.1820631907247949,0.30021059803648303,0.2491389513015747,7.0,0.525,hn
hn:TRAIN_000420:18.732317,0.17408871928582528,0.2724644850133713,0.24553023278713226,6.5,0.38636363636363635,hn
hn:TRAIN_000420:20.124694,0.10635599668588627,0.19174296345473915,0.18683309853076935,8.0,0.2564102564102564,hn
hn:TRAIN_000420:14.966883,0.18832567489948304,0.2761642734593567,0.24665053188800812,6.0,0.30985915492957744,hn
hn:TRAIN_000420:19.117605,0.10564208575400079,0.23535865500509937,0.19179564714431763,7.0,0.2692307692307692,hn
TRAIN_000006,0.24171433974752968,0.42198937849863644,0.38543030619621277,3.5,0.30357142857142855,clean
TRAIN_000011,0.3028569398052733,0.3572360881191901,0.31118133664131165,7.5,0.3148148148148148,clean
TRAIN_000026,0.0925069578248769,0.23359198689213836,0.19433139264583588,3.0,0.12669683257918551,clean
TRAIN_000080,0.20908569158094564,0.34797634590277243,0.3088633716106415,3.5,0.25,clean
TRAIN_000142,0.13995835261453032,0.28069169623626755,0.24706628918647766,5.0,0.21487603305785125,clean
TRAIN_000152,0.2765727170236753,0.4296500516933488,0.397927850484848,3.5,0.332,clean
TRAIN_000245,0.11996730022481096,0.29567589225174135,0.26636168360710144,3.0,0.10256410256410256,clean
TRAIN_000304,0.14138907687294783,0.29791643595057665,0.267244428396225,4.0,0.19696969696969696,clean
TRAIN_000337,0.07951542948302508,0.2811612047736314,0.19494013488292694,2.0,0.0967741935483871,clean
TRAIN_000417,0.004203124052781539,0.08067521475492673,0.019581038504838943,2.5,0.030303030303030304,clean
TRAIN_000420,0.19441296464188576,0.2702268372581742,0.25265082716941833,6.5,0.26262626262626265,clean
